Set_of_parameters_modelNumber	C_Value	Sigma_Value	Genes	Misclass	Misclass_Error	LogLoss	LogLoss_Error	GOF	GOF_Error	Accuracy0	Accuracy1	Accuracy0_err	Accuracy1_err	MCC
30deg0-0deg1-10deg2_5	10000	1	POLQ;LAMA2;LXN;AK1	0.408163	0.000000	0.667597	0.000335	0.408163	0.000000	0.893617	0.313725	0.000000	0.000000	0.252444824209307
25deg0-15deg1-10deg2_6	100000	1	CCDC121;SEC14L4;SPAG8	0.591837	0.000000	0.790467	0.000004	0.591837	0.000000	0.170213	0.627451	0.000000	0.000000	-0.226253898372653
25deg0-15deg1-0deg2_19	10000	10000	CYP1A1;LAMA2	0.408163	0.000000	0.762712	0.015086	0.408163	0.000000	0.553191	0.627451	0.000000	0.000000	0.181095882376703
30deg0-0deg1-5deg2_6	100000	1	ZSCAN18;GKN1;CYP4A11	0.571429	0.000000	0.729099	0.000000	0.571429	0.000000	0.234043	0.607843	0.000000	0.000000	-0.169857993305256
25deg0-5deg1-5deg2_19	10000	10000	SNTG2;ACTG2	0.581633	0.000000	0.723115	0.005845	0.581633	0.000000	0.404255	0.431373	0.000000	0.000000	-0.164269237976992
25deg0-10deg1-0deg2_4	1000	1	HTR2A	0.504082	0.001666	0.921506	0.078992	0.504082	0.001666	0.000000	0.952941	0.000000	0.003202	-0.15210425048258
20deg0-10deg1-5deg2_12	100	100	MYO3A	0.459184	0.000000	12.850672	0.249036	0.459184	0.000000	0.042553	1.000000	0.000000	0.000000	0.150353846411262
20deg0-10deg1-5deg2_13	1000	100	MYO3A	0.459184	0.000000	12.850672	0.249036	0.459184	0.000000	0.042553	1.000000	0.000000	0.000000	0.150353846411262
20deg0-10deg1-5deg2_14	10000	100	MYO3A	0.459184	0.000000	13.024530	0.144800	0.459184	0.000000	0.042553	1.000000	0.000000	0.000000	0.150353846411262
20deg0-10deg1-5deg2_17	10000	1000	MYO3A	0.459184	0.000000	12.860264	0.247702	0.459184	0.000000	0.042553	1.000000	0.000000	0.000000	0.150353846411262
20deg0-10deg1-5deg2_18	100000	1000	MYO3A	0.459184	0.000000	12.860264	0.247702	0.459184	0.000000	0.042553	1.000000	0.000000	0.000000	0.150353846411262
20deg0-10deg1-5deg2_20	100000	10000	MYO3A	0.459184	0.000000	12.860333	0.247694	0.459184	0.000000	0.042553	1.000000	0.000000	0.000000	0.150353846411262
30deg0-10deg1-5deg2_2	10	1	MYO3A	0.459184	0.000000	0.698611	0.000657	0.459184	0.000000	0.042553	1.000000	0.000000	0.000000	0.150353846411262
30deg0-15deg1-0deg2_10	10000	10	MYO3A	0.459184	0.000000	9.621338	0.407954	0.459184	0.000000	0.042553	1.000000	0.000000	0.000000	0.150353846411262
30deg0-20deg1-0deg2_15	100000	100	MYO3A	0.459184	0.000000	12.431077	0.297575	0.459184	0.000000	0.042553	1.000000	0.000000	0.000000	0.150353846411262
25deg0-0deg1-5deg2_21	100000	100000	HBE1;GNG3	0.426531	0.018367	0.688495	0.003228	0.426531	0.018367	0.576596	0.570588	0.019149	0.017647	0.147061346645381
25deg0-0deg1-0deg2_21	100000	100000	ANK1;TNFSF10;POLQ	0.561224	0.027211	0.719149	0.006861	0.561224	0.027211	0.340426	0.529412	0.070922	0.013072	-0.132304379661506
30deg0-5deg1-5deg2_6	100000	1	STXBP2;RASGRF1;TDO2	0.459184	0.010204	0.680765	0.001376	0.459184	0.010204	0.814894	0.288235	0.078723	0.052941	0.120847505803984
20deg0-15deg1-0deg2_6	100000	1	DLX5;CXCL13;LRP2BP	0.438776	0.000000	0.712265	0.000588	0.438776	0.000000	0.297872	0.803922	0.000000	0.000000	0.11825920331371
30deg0-5deg1-10deg2_2	10	1	ANK1;NPHP1	0.562245	0.017105	0.694414	0.000642	0.562245	0.017105	0.612766	0.276471	0.113067	0.097666	-0.117718499079317
25deg0-10deg1-0deg2_21	100000	100000	TP53;TRPC6	0.438776	0.000000	0.690717	0.000079	0.438776	0.000000	0.468085	0.647059	0.000000	0.000000	0.117039204299934
20deg0-5deg1-0deg2_19	10000	10000	PTGER1;ELF3	0.442857	0.014286	0.692787	0.001474	0.442857	0.014286	0.542553	0.570588	0.010638	0.017647	0.113107030297293
30deg0-5deg1-0deg2_6	100000	1	CYP3A4;POLQ;ELF3	0.469388	0.000000	0.728110	0.000000	0.469388	0.000000	0.851064	0.235294	0.000000	0.000000	0.109130556083989
25deg0-10deg1-5deg2_5	10000	1	ICAM4;PCSK5	0.551020	0.000000	0.877742	0.000000	0.551020	0.000000	0.382979	0.509804	0.000000	0.000000	-0.107939918492827
20deg0-10deg1-0deg2_21	100000	100000	GPR68;CDK2	0.551020	0.000000	0.704286	0.000514	0.551020	0.000000	0.404255	0.490196	0.000000	0.000000	-0.105814200862617
30deg0-15deg1-10deg2_21	100000	100000	ID4;CLTCL1	0.551020	0.000000	0.716244	0.004932	0.551020	0.000000	0.404255	0.490196	0.000000	0.000000	-0.105814200862617
20deg0-0deg1-10deg2_7	10	10	SLCO1A2	0.469388	0.000000	2.585430	0.216792	0.469388	0.000000	0.021277	1.000000	0.000000	0.000000	0.105768040919287
20deg0-0deg1-10deg2_8	100	10	SLCO1A2	0.469388	0.000000	2.925514	0.087757	0.469388	0.000000	0.021277	1.000000	0.000000	0.000000	0.105768040919287
20deg0-10deg1-10deg2_1	1	1	SPAG8	0.530612	0.000000	0.720921	0.000737	0.530612	0.000000	0.978723	0.000000	0.000000	0.000000	-0.105768040919287
20deg0-10deg1-10deg2_14	10000	100	SLC6A13	0.530612	0.000000	4.270454	0.661871	0.530612	0.000000	0.978723	0.000000	0.000000	0.000000	-0.105768040919287
20deg0-10deg1-5deg2_8	100	10	RASGRP3	0.530612	0.000000	1.597038	0.036774	0.530612	0.000000	0.978723	0.000000	0.000000	0.000000	-0.105768040919287
20deg0-15deg1-0deg2_14	10000	100	RASGRP3	0.530612	0.000000	2.294363	0.057624	0.530612	0.000000	0.978723	0.000000	0.000000	0.000000	-0.105768040919287
20deg0-20deg1-10deg2_9	1000	10	PF4V1	0.530612	0.000000	11.047327	0.216199	0.530612	0.000000	0.978723	0.000000	0.000000	0.000000	-0.105768040919287
20deg0-20deg1-10deg2_10	10000	10	PF4V1	0.530612	0.000000	4.538262	0.104522	0.530612	0.000000	0.978723	0.000000	0.000000	0.000000	-0.105768040919287
20deg0-20deg1-10deg2_11	100000	10	RASGRP3	0.469388	0.000000	5.570130	0.677099	0.469388	0.000000	0.021277	1.000000	0.000000	0.000000	0.105768040919287
20deg0-5deg1-0deg2_10	10000	10	ATP1B2	0.530612	0.000000	15.092045	0.465874	0.530612	0.000000	0.978723	0.000000	0.000000	0.000000	-0.105768040919287
20deg0-5deg1-0deg2_11	100000	10	ATP1B2	0.530612	0.000000	16.371213	0.000135	0.530612	0.000000	0.978723	0.000000	0.000000	0.000000	-0.105768040919287
25deg0-0deg1-0deg2_14	10000	100	ANK1	0.469388	0.000000	2.765211	0.084001	0.469388	0.000000	0.021277	1.000000	0.000000	0.000000	0.105768040919287
25deg0-0deg1-0deg2_19	10000	10000	ANK1	0.469388	0.000000	2.176746	0.069313	0.469388	0.000000	0.021277	1.000000	0.000000	0.000000	0.105768040919287
25deg0-0deg1-5deg2_7	10	10	ANK1	0.469388	0.000000	1.824058	0.043753	0.469388	0.000000	0.021277	1.000000	0.000000	0.000000	0.105768040919287
25deg0-0deg1-5deg2_8	100	10	ANK1	0.469388	0.000000	1.894631	0.055580	0.469388	0.000000	0.021277	1.000000	0.000000	0.000000	0.105768040919287
25deg0-0deg1-5deg2_9	1000	10	ANK1	0.469388	0.000000	1.089439	0.029530	0.469388	0.000000	0.021277	1.000000	0.000000	0.000000	0.105768040919287
25deg0-0deg1-5deg2_12	100	100	ANK1	0.469388	0.000000	2.168671	0.069025	0.469388	0.000000	0.021277	1.000000	0.000000	0.000000	0.105768040919287
25deg0-0deg1-5deg2_16	1000	1000	ANK1	0.469388	0.000000	2.176666	0.069310	0.469388	0.000000	0.021277	1.000000	0.000000	0.000000	0.105768040919287
25deg0-0deg1-5deg2_17	10000	1000	ANK1	0.469388	0.000000	2.176666	0.069310	0.469388	0.000000	0.021277	1.000000	0.000000	0.000000	0.105768040919287
25deg0-0deg1-5deg2_20	100000	10000	ANK1	0.469388	0.000000	2.176746	0.069313	0.469388	0.000000	0.021277	1.000000	0.000000	0.000000	0.105768040919287
25deg0-15deg1-10deg2_11	100000	10	SLC16A7	0.530612	0.000000	16.371958	0.000180	0.530612	0.000000	0.978723	0.000000	0.000000	0.000000	-0.105768040919287
25deg0-20deg1-0deg2_7	10	10	ANK1	0.469388	0.000000	1.824058	0.043753	0.469388	0.000000	0.021277	1.000000	0.000000	0.000000	0.105768040919287
25deg0-20deg1-0deg2_8	100	10	ANK1	0.469388	0.000000	1.894631	0.055580	0.469388	0.000000	0.021277	1.000000	0.000000	0.000000	0.105768040919287
25deg0-20deg1-0deg2_12	100	100	ANK1	0.469388	0.000000	2.168671	0.069025	0.469388	0.000000	0.021277	1.000000	0.000000	0.000000	0.105768040919287
25deg0-20deg1-0deg2_13	1000	100	ANK1	0.469388	0.000000	2.635931	0.063381	0.469388	0.000000	0.021277	1.000000	0.000000	0.000000	0.105768040919287
25deg0-20deg1-0deg2_14	10000	100	ANK1	0.469388	0.000000	2.765211	0.084001	0.469388	0.000000	0.021277	1.000000	0.000000	0.000000	0.105768040919287
25deg0-20deg1-0deg2_15	100000	100	ANK1	0.469388	0.000000	2.124124	0.076474	0.469388	0.000000	0.021277	1.000000	0.000000	0.000000	0.105768040919287
25deg0-20deg1-0deg2_16	1000	1000	ANK1	0.469388	0.000000	2.176666	0.069310	0.469388	0.000000	0.021277	1.000000	0.000000	0.000000	0.105768040919287
25deg0-20deg1-0deg2_17	10000	1000	ANK1	0.469388	0.000000	2.176666	0.069310	0.469388	0.000000	0.021277	1.000000	0.000000	0.000000	0.105768040919287
25deg0-20deg1-0deg2_18	100000	1000	ANK1	0.469388	0.000000	2.645891	0.063599	0.469388	0.000000	0.021277	1.000000	0.000000	0.000000	0.105768040919287
25deg0-20deg1-0deg2_20	100000	10000	ANK1	0.469388	0.000000	2.176746	0.069313	0.469388	0.000000	0.021277	1.000000	0.000000	0.000000	0.105768040919287
25deg0-20deg1-10deg2_7	10	10	ANK1	0.469388	0.000000	1.824058	0.043753	0.469388	0.000000	0.021277	1.000000	0.000000	0.000000	0.105768040919287
25deg0-20deg1-10deg2_14	10000	100	ANK1	0.469388	0.000000	2.765211	0.084001	0.469388	0.000000	0.021277	1.000000	0.000000	0.000000	0.105768040919287
25deg0-20deg1-10deg2_15	100000	100	ANK1	0.469388	0.000000	2.124124	0.076474	0.469388	0.000000	0.021277	1.000000	0.000000	0.000000	0.105768040919287
25deg0-20deg1-10deg2_16	1000	1000	ANK1	0.469388	0.000000	2.176666	0.069310	0.469388	0.000000	0.021277	1.000000	0.000000	0.000000	0.105768040919287
25deg0-20deg1-10deg2_20	100000	10000	ANK1	0.469388	0.000000	2.176746	0.069313	0.469388	0.000000	0.021277	1.000000	0.000000	0.000000	0.105768040919287
25deg0-20deg1-5deg2_7	10	10	ANK1	0.469388	0.000000	1.824058	0.043753	0.469388	0.000000	0.021277	1.000000	0.000000	0.000000	0.105768040919287
25deg0-20deg1-5deg2_8	100	10	ANK1	0.469388	0.000000	1.894631	0.055580	0.469388	0.000000	0.021277	1.000000	0.000000	0.000000	0.105768040919287
25deg0-20deg1-5deg2_12	100	100	ANK1	0.469388	0.000000	2.168671	0.069025	0.469388	0.000000	0.021277	1.000000	0.000000	0.000000	0.105768040919287
25deg0-20deg1-5deg2_13	1000	100	ANK1	0.469388	0.000000	2.635931	0.063381	0.469388	0.000000	0.021277	1.000000	0.000000	0.000000	0.105768040919287
25deg0-20deg1-5deg2_14	10000	100	ANK1	0.469388	0.000000	2.765211	0.084001	0.469388	0.000000	0.021277	1.000000	0.000000	0.000000	0.105768040919287
25deg0-20deg1-5deg2_15	100000	100	ANK1	0.469388	0.000000	2.124124	0.076474	0.469388	0.000000	0.021277	1.000000	0.000000	0.000000	0.105768040919287
25deg0-20deg1-5deg2_16	1000	1000	ANK1	0.469388	0.000000	2.176666	0.069310	0.469388	0.000000	0.021277	1.000000	0.000000	0.000000	0.105768040919287
25deg0-20deg1-5deg2_17	10000	1000	ANK1	0.469388	0.000000	2.176666	0.069310	0.469388	0.000000	0.021277	1.000000	0.000000	0.000000	0.105768040919287
25deg0-20deg1-5deg2_18	100000	1000	ANK1	0.469388	0.000000	2.645891	0.063599	0.469388	0.000000	0.021277	1.000000	0.000000	0.000000	0.105768040919287
25deg0-20deg1-5deg2_20	100000	10000	ANK1	0.469388	0.000000	2.176746	0.069313	0.469388	0.000000	0.021277	1.000000	0.000000	0.000000	0.105768040919287
25deg0-5deg1-10deg2_11	100000	10	ATP1B2	0.530612	0.000000	16.371213	0.000135	0.530612	0.000000	0.978723	0.000000	0.000000	0.000000	-0.105768040919287
30deg0-0deg1-10deg2_10	10000	10	SLC16A7	0.530612	0.000000	15.889687	0.218943	0.530612	0.000000	0.978723	0.000000	0.000000	0.000000	-0.105768040919287
30deg0-0deg1-10deg2_11	100000	10	SLC16A7	0.530612	0.000000	16.371958	0.000180	0.530612	0.000000	0.978723	0.000000	0.000000	0.000000	-0.105768040919287
30deg0-0deg1-10deg2_14	10000	100	SLC6A13	0.530612	0.000000	4.270454	0.661871	0.530612	0.000000	0.978723	0.000000	0.000000	0.000000	-0.105768040919287
30deg0-0deg1-5deg2_7	10	10	ANK1	0.469388	0.000000	1.824058	0.043753	0.469388	0.000000	0.021277	1.000000	0.000000	0.000000	0.105768040919287
30deg0-0deg1-5deg2_8	100	10	ANK1	0.469388	0.000000	1.894631	0.055580	0.469388	0.000000	0.021277	1.000000	0.000000	0.000000	0.105768040919287
30deg0-0deg1-5deg2_15	100000	100	ANK1	0.469388	0.000000	2.124124	0.076474	0.469388	0.000000	0.021277	1.000000	0.000000	0.000000	0.105768040919287
30deg0-15deg1-0deg2_1	1	1	ATP1B2	0.530612	0.000000	0.792611	0.006999	0.530612	0.000000	0.978723	0.000000	0.000000	0.000000	-0.105768040919287
30deg0-15deg1-5deg2_7	10	10	RYR1	0.469388	0.000000	5.741234	0.273193	0.469388	0.000000	0.021277	1.000000	0.000000	0.000000	0.105768040919287
30deg0-5deg1-0deg2_10	10000	10	ATP1B2	0.530612	0.000000	15.092045	0.465874	0.530612	0.000000	0.978723	0.000000	0.000000	0.000000	-0.105768040919287
30deg0-5deg1-10deg2_11	100000	10	SLC6A13	0.469388	0.000000	15.996009	0.028539	0.469388	0.000000	0.021277	1.000000	0.000000	0.000000	0.105768040919287
25deg0-5deg1-0deg2_3	100	1	LAMA2;TP53;TLE4	0.551020	0.011281	0.720731	0.005081	0.551020	0.011281	0.442553	0.454902	0.046159	0.064092	-0.102462960072648
25deg0-15deg1-0deg2_6	100000	1	PTGER1;E2F6	0.451020	0.012245	0.729427	0.016598	0.451020	0.012245	0.593617	0.507843	0.023404	0.001961	0.101714926048492
30deg0-10deg1-10deg2_6	100000	1	CYP4F8;ICAM4	0.548980	0.012245	0.794647	0.025339	0.548980	0.012245	0.406383	0.492157	0.023404	0.001961	-0.101714926048492
20deg0-5deg1-0deg2_14	10000	100	PTGER1;AQP7	0.448980	0.000000	0.719485	0.009155	0.448980	0.000000	0.489362	0.607843	0.000000	0.000000	0.097860408868638
20deg0-0deg1-5deg2_1	1	1	HBE1	0.489796	0.000000	0.743504	0.011272	0.489796	0.000000	0.000000	0.980392	0.000000	0.000000	-0.0974719666813207
25deg0-15deg1-5deg2_15	100000	100	HRG	0.489796	0.000000	4.474359	0.251328	0.489796	0.000000	0.000000	0.980392	0.000000	0.000000	-0.0974719666813207
30deg0-0deg1-5deg2_9	1000	10	HRG	0.489796	0.000000	3.642512	0.204783	0.489796	0.000000	0.000000	0.980392	0.000000	0.000000	-0.0974719666813207
30deg0-10deg1-5deg2_8	100	10	HRG	0.489796	0.000000	3.259045	0.270123	0.489796	0.000000	0.000000	0.980392	0.000000	0.000000	-0.0974719666813207
30deg0-10deg1-5deg2_15	100000	100	HRG	0.489796	0.000000	4.474359	0.251328	0.489796	0.000000	0.000000	0.980392	0.000000	0.000000	-0.0974719666813207
25deg0-15deg1-10deg2_10	10000	10	CD209	0.510204	0.000000	12.843061	0.537575	0.510204	0.000000	1.000000	0.019608	0.000000	0.000000	0.0974719666813206
30deg0-0deg1-10deg2_12	100	100	SYNE1	0.510204	0.000000	2.277301	0.148492	0.510204	0.000000	1.000000	0.019608	0.000000	0.000000	0.0974719666813206
30deg0-0deg1-10deg2_16	1000	1000	SYNE1	0.510204	0.000000	2.284041	0.149001	0.510204	0.000000	1.000000	0.019608	0.000000	0.000000	0.0974719666813206
30deg0-0deg1-10deg2_17	10000	1000	SYNE1	0.510204	0.000000	2.284041	0.149001	0.510204	0.000000	1.000000	0.019608	0.000000	0.000000	0.0974719666813206
30deg0-0deg1-10deg2_20	100000	10000	SYNE1	0.510204	0.000000	2.284109	0.149006	0.510204	0.000000	1.000000	0.019608	0.000000	0.000000	0.0974719666813206
30deg0-10deg1-0deg2_8	100	10	CD209	0.510204	0.000000	15.877677	0.040086	0.510204	0.000000	1.000000	0.019608	0.000000	0.000000	0.0974719666813206
30deg0-0deg1-10deg2_15	100000	100	SLC6A13	0.528571	0.001361	11.271984	1.087577	0.528571	0.001361	0.982979	0.000000	0.002837	0.000000	-0.0945027534545613
25deg0-10deg1-10deg2_1	1	1	TAS2R16	0.494898	0.002742	0.725679	0.013507	0.494898	0.002742	0.957447	0.088235	0.000000	0.005269	0.0917091452934688
25deg0-15deg1-0deg2_21	100000	100000	CYP1A1;LAMA2;TRPC6	0.539796	0.010142	0.832468	0.042738	0.539796	0.010142	0.359574	0.552941	0.035666	0.017732	-0.0890303550024124
30deg0-5deg1-0deg2_19	10000	10000	TP53;ANK1	0.536735	0.012470	0.696322	0.000232	0.536735	0.012470	0.357447	0.560784	0.078001	0.095845	-0.0833855813352208
30deg0-15deg1-10deg2_5	10000	1	TRH;KCNQ1DN	0.540816	0.000000	0.706667	0.013520	0.540816	0.000000	0.468085	0.450980	0.000000	0.000000	-0.0808844003130266
25deg0-0deg1-10deg2_10	10000	10	DNM3	0.459184	0.000000	1.030262	0.016452	0.459184	0.000000	0.510638	0.568627	0.000000	0.000000	0.079347799711908
30deg0-10deg1-5deg2_21	100000	100000	HTR2A;GNG3	0.463265	0.016327	0.738807	0.017231	0.463265	0.016327	0.595745	0.482353	0.042553	0.007843	0.0785111333426061
30deg0-20deg1-0deg2_21	100000	100000	BCL2A1;LAMA2	0.459184	0.000000	0.716589	0.003367	0.459184	0.000000	0.489362	0.588235	0.000000	0.000000	0.0779391569031579
20deg0-15deg1-10deg2_19	10000	10000	UBQLN3;MYO16	0.541837	0.010911	0.719262	0.001710	0.541837	0.010911	0.821277	0.123529	0.091002	0.062898	-0.0772227395883677
20deg0-5deg1-5deg2_6	100000	1	RASGRF1;SRRM1;KCNA1	0.540816	0.000000	0.802175	0.000000	0.540816	0.000000	0.829787	0.117647	0.000000	0.000000	-0.0750473192412825
20deg0-15deg1-10deg2_10	10000	10	CYP4F8	0.500000	0.000000	1.495451	0.068857	0.500000	0.000000	0.042553	0.921569	0.000000	0.000000	-0.0747641931767063
25deg0-10deg1-10deg2_6	100000	1	GNG3;SEC14L4	0.465306	0.006122	1.441082	0.699314	0.465306	0.006122	0.578723	0.494118	0.046809	0.054902	0.0730240133449764
25deg0-20deg1-0deg2_6	100000	1	KIAA0922;KCNJ9	0.530612	0.000000	6.222277	0.094604	0.530612	0.000000	0.382979	0.549020	0.000000	0.000000	-0.0688683964016453
25deg0-10deg1-0deg2_3	100	1	HTR2A	0.484694	0.002742	0.757422	0.018631	0.484694	0.002742	0.000000	0.990196	0.000000	0.005269	-0.0687461341685426
25deg0-5deg1-10deg2_2	10	1	SPRR1A;EWSR1	0.532653	0.008163	0.715879	0.016567	0.532653	0.008163	0.440426	0.492157	0.014894	0.001961	-0.067441763129324
25deg0-0deg1-0deg2_1	1	1	EWSR1;PRMT1	0.530612	0.000000	0.877078	0.000000	0.530612	0.000000	0.404255	0.529412	0.000000	0.000000	-0.0667802612208918
25deg0-20deg1-5deg2_3	100	1	NPY2R	0.469388	0.000000	0.874912	0.003792	0.469388	0.000000	0.042553	0.980392	0.000000	0.000000	0.066542592831046
30deg0-20deg1-10deg2_5	10000	1	ZSCAN18;GLDC	0.530612	0.000000	0.764893	0.014988	0.530612	0.000000	0.425532	0.509804	0.000000	0.000000	-0.064826472617909
30deg0-15deg1-10deg2_6	100000	1	TRH;KCNQ1DN	0.467347	0.008163	0.706667	0.013520	0.467347	0.008163	0.525532	0.539216	0.006383	0.009804	0.0647026675866831
20deg0-15deg1-10deg2_7	10	10	HSP90AA1	0.530612	0.003726	0.749086	0.011860	0.530612	0.003726	0.953191	0.023529	0.013000	0.006404	-0.0635523834911485
25deg0-15deg1-10deg2_7	10	10	HSP90AA1	0.530612	0.003726	0.749086	0.011860	0.530612	0.003726	0.953191	0.023529	0.013000	0.006404	-0.0635523834911485
25deg0-5deg1-5deg2_5	10000	1	SSTR4;RYR1	0.469388	0.000000	0.736600	0.000000	0.469388	0.000000	0.531915	0.529412	0.000000	0.000000	0.061275894157791
30deg0-15deg1-5deg2_4	1000	1	CYP1A1;NHLH2	0.530612	0.000000	0.741756	0.000000	0.530612	0.000000	0.468085	0.470588	0.000000	0.000000	-0.061275894157791
30deg0-0deg1-0deg2_1	10	1	DDR2;PRKCB	0.490816	0.003209	0.843692	0.022701	0.490816	0.003209	0.019149	0.960784	0.006691	0.000000	-0.0591596820129326
20deg0-0deg1-10deg2_19	10000	10000	SLC7A2;EWSR1	0.469388	0.000000	0.740943	0.012231	0.469388	0.000000	0.489362	0.568627	0.000000	0.000000	0.0581346976271857
25deg0-20deg1-0deg2_3	100	1	FMO1;ACTA2	0.530612	0.000000	0.710628	0.002913	0.530612	0.000000	0.531915	0.411765	0.000000	0.000000	-0.0566997415903557
20deg0-20deg1-10deg2_8	100	10	CCL2	0.524490	0.006309	0.698531	0.001169	0.524490	0.006309	0.393617	0.550980	0.024823	0.017647	-0.056034936735436
25deg0-20deg1-5deg2_4	1000	1	IAPP	0.533673	0.001559	1.009663	0.033261	0.533673	0.001559	0.780851	0.176471	0.003250	0.000000	-0.0536132150562892
20deg0-0deg1-10deg2_2	10	1	MS4A2	0.510204	0.000000	0.690480	0.000105	0.510204	0.000000	0.978723	0.039216	0.000000	0.000000	0.0520244339414968
30deg0-0deg1-10deg2_21	100000	100000	SLC6A13;PAIP2B	0.475510	0.006122	0.740552	0.016932	0.475510	0.006122	0.559574	0.492157	0.014894	0.001961	0.0517984642098773
20deg0-15deg1-0deg2_4	1000	1	NPY5R;SCN1B	0.520408	0.000000	0.748453	0.022579	0.520408	0.000000	0.425532	0.529412	0.000000	0.000000	-0.0452546738514404
20deg0-15deg1-0deg2_5	10000	1	NPY5R;SCN1B	0.520408	0.000000	0.748453	0.022579	0.520408	0.000000	0.425532	0.529412	0.000000	0.000000	-0.0452546738514404
30deg0-15deg1-0deg2_19	10000	10000	MYO16;PRMT1	0.495918	0.012470	0.691791	0.000604	0.495918	0.012470	0.840426	0.194118	0.081251	0.098840	0.0451611025483574
20deg0-20deg1-5deg2_4	1000	1	SCN1B;PABPN1;SLCO4C1	0.516327	0.012835	0.693131	0.000158	0.516327	0.012835	0.397872	0.562745	0.134791	0.146500	-0.0398853559892379
20deg0-0deg1-0deg2_6	100000	1	TNFSF10;HRG	0.518367	0.008163	1.389047	0.643563	0.518367	0.008163	0.468085	0.494118	0.014184	0.002614	-0.0377768329577177
20deg0-0deg1-0deg2_9	1000	10	EWSR1;UBQLN3	0.525510	0.001701	0.697403	0.000848	0.525510	0.001701	0.702128	0.264706	0.099291	0.088235	-0.0368779062701456
20deg0-20deg1-0deg2_3	100	1	ACTG2;TP53	0.520408	0.000000	8.149445	0.000000	0.520408	0.000000	0.531915	0.431373	0.000000	0.000000	-0.036873879073447
20deg0-20deg1-5deg2_6	100000	1	MTCH1;GLTSCR2	0.481633	0.029994	0.716018	0.014059	0.481633	0.029994	0.519149	0.517647	0.031270	0.028818	0.0367653366613412
20deg0-15deg1-0deg2_8	100	10	HSP90AA1	0.525510	0.002282	0.808294	0.019723	0.525510	0.002282	0.961702	0.025490	0.010895	0.007190	-0.036559618383559
20deg0-15deg1-10deg2_8	100	10	HSP90AA1	0.525510	0.002282	0.808294	0.019723	0.525510	0.002282	0.961702	0.025490	0.010895	0.007190	-0.036559618383559
20deg0-10deg1-10deg2_19	10000	10000	GRM4;ITPR3	0.481633	0.008163	0.762819	0.019928	0.481633	0.008163	0.506383	0.529412	0.002837	0.013072	0.0357759009341104
25deg0-10deg1-0deg2_5	10000	1	SLC8A2;CDK2;SCN2A	0.520408	0.011783	0.693735	0.000303	0.520408	0.011783	0.648936	0.323529	0.145217	0.148360	-0.0291075392454152
25deg0-20deg1-0deg2_21	100000	100000	KCNJ16;SCN2A	0.517347	0.009259	0.693942	0.000465	0.517347	0.009259	0.565957	0.405882	0.138041	0.138496	-0.0285105136083997
25deg0-10deg1-10deg2_2	10	1	TAS2R16	0.515306	0.001701	0.848977	0.060424	0.515306	0.001701	0.978723	0.029412	0.000000	0.003268	0.0257761032102821
20deg0-20deg1-0deg2_4	1000	1	H1F0;TGFB3;SOX2	0.490816	0.002381	0.701202	0.002605	0.490816	0.002381	0.593617	0.431373	0.033030	0.027575	0.0253001556951351
20deg0-20deg1-0deg2_5	10000	1	H1F0;TGFB3;SOX2	0.490816	0.002381	0.701200	0.002606	0.490816	0.002381	0.593617	0.431373	0.033030	0.027575	0.0253001556951351
20deg0-20deg1-0deg2_6	100000	1	H1F0;TGFB3;SOX2	0.490816	0.002381	0.701207	0.002607	0.490816	0.002381	0.593617	0.431373	0.033030	0.027575	0.0253001556951351
20deg0-0deg1-5deg2_12	100	100	HRG	0.491837	0.002041	2.565584	0.485464	0.491837	0.002041	0.100000	0.884314	0.100000	0.096078	-0.0252311956212917
20deg0-0deg1-5deg2_13	1000	100	HRG	0.491837	0.002041	2.565584	0.485464	0.491837	0.002041	0.100000	0.884314	0.100000	0.096078	-0.0252311956212917
20deg0-0deg1-5deg2_16	1000	1000	HRG	0.491837	0.002041	2.570029	0.486492	0.491837	0.002041	0.100000	0.884314	0.100000	0.096078	-0.0252311956212917
20deg0-0deg1-5deg2_17	10000	1000	HRG	0.491837	0.002041	2.570029	0.486492	0.491837	0.002041	0.100000	0.884314	0.100000	0.096078	-0.0252311956212917
20deg0-0deg1-5deg2_18	100000	1000	HRG	0.491837	0.002041	2.570029	0.486492	0.491837	0.002041	0.100000	0.884314	0.100000	0.096078	-0.0252311956212917
20deg0-0deg1-5deg2_20	100000	10000	HRG	0.491837	0.002041	2.570074	0.486502	0.491837	0.002041	0.100000	0.884314	0.100000	0.096078	-0.0252311956212917
25deg0-10deg1-5deg2_7	10	10	HRG	0.491837	0.002041	2.166660	0.392333	0.491837	0.002041	0.100000	0.884314	0.100000	0.096078	-0.0252311956212917
25deg0-10deg1-5deg2_12	100	100	HRG	0.491837	0.002041	2.565584	0.485464	0.491837	0.002041	0.100000	0.884314	0.100000	0.096078	-0.0252311956212917
25deg0-10deg1-5deg2_16	1000	1000	HRG	0.491837	0.002041	2.570029	0.486492	0.491837	0.002041	0.100000	0.884314	0.100000	0.096078	-0.0252311956212917
25deg0-10deg1-5deg2_17	10000	1000	HRG	0.491837	0.002041	2.570029	0.486492	0.491837	0.002041	0.100000	0.884314	0.100000	0.096078	-0.0252311956212917
25deg0-10deg1-5deg2_20	100000	10000	HRG	0.491837	0.002041	2.570074	0.486502	0.491837	0.002041	0.100000	0.884314	0.100000	0.096078	-0.0252311956212917
30deg0-10deg1-5deg2_7	10	10	HRG	0.491837	0.002041	2.166660	0.392333	0.491837	0.002041	0.100000	0.884314	0.100000	0.096078	-0.0252311956212917
20deg0-5deg1-0deg2_6	100000	1	TAS2R16;GRM4;DLX5	0.518367	0.008163	4.635435	0.657118	0.518367	0.008163	0.646809	0.329412	0.065248	0.075817	-0.025063293855479
25deg0-20deg1-10deg2_5	10000	1	NPTX1;CALCA	0.489796	0.000000	0.770062	0.000000	0.489796	0.000000	0.553191	0.470588	0.000000	0.000000	0.0238387458855401
30deg0-5deg1-10deg2_3	100	1	KRT33B;SLC7A2	0.510204	0.000000	0.744102	0.000000	0.510204	0.000000	0.446809	0.529412	0.000000	0.000000	-0.0238387458855401
25deg0-0deg1-10deg2_6	100000	1	POLQ;MS4A2;ACVR2A;DNAL4	0.520408	0.000000	0.818252	0.008949	0.520408	0.000000	0.808511	0.176471	0.000000	0.000000	-0.0193760315768609
25deg0-0deg1-0deg2_6	100000	1	PRMT1;UBQLN3	0.510204	0.000000	0.695223	0.000202	0.510204	0.000000	0.510638	0.470588	0.000000	0.000000	-0.0187739999686707
20deg0-5deg1-0deg2_3	100	1	HRG;EWSR1	0.508163	0.006235	0.694402	0.000325	0.508163	0.006235	0.865957	0.147059	0.068251	0.074879	0.018694574005461
20deg0-10deg1-0deg2_6	100000	1	CYP3A4;E2F6;ITPR3;SRRM1	0.483673	0.012470	0.691762	0.000722	0.483673	0.012470	0.317021	0.700000	0.139752	0.152753	0.0184162338987099
25deg0-15deg1-5deg2_5	10000	1	MAP3K1;POLQ;CRYGC	0.500000	0.000000	0.719208	0.005439	0.500000	0.000000	0.297872	0.686275	0.000000	0.000000	-0.0171842490700691
25deg0-15deg1-5deg2_6	100000	1	MAP3K1;POLQ;CRYGC	0.500000	0.000000	0.719215	0.005441	0.500000	0.000000	0.297872	0.686275	0.000000	0.000000	-0.0171842490700691
25deg0-0deg1-10deg2_21	100000	100000	GAS1;TP53	0.510204	0.000000	0.940911	0.019665	0.510204	0.000000	0.531915	0.450980	0.000000	0.000000	-0.0171479781736736
30deg0-10deg1-0deg2_9	1000	10	FGA	0.515306	0.012287	0.906331	0.078843	0.515306	0.012287	0.682979	0.301961	0.139752	0.152337	-0.0162795856960407
25deg0-20deg1-5deg2_5	10000	1	IAPP	0.512245	0.001361	2.022398	0.299562	0.512245	0.001361	0.914894	0.094118	0.000000	0.002614	0.0157482186809334
20deg0-5deg1-0deg2_8	100	10	FGF22;ELF3	0.489796	0.000000	0.755468	0.000000	0.489796	0.000000	0.446809	0.568627	0.000000	0.000000	0.0155400769043652
20deg0-10deg1-5deg2_9	1000	10	RASGRP3	0.488776	0.001832	1.069649	0.036407	0.488776	0.001832	0.106383	0.884314	0.000000	0.003520	-0.0147820592286053
20deg0-5deg1-10deg2_6	100000	1	CARD9;FGR;SRRM1	0.510204	0.000000	0.721072	0.013453	0.510204	0.000000	0.872340	0.137255	0.000000	0.000000	0.0141318006797961
30deg0-15deg1-0deg2_4	1000	1	TRPC6	0.497959	0.007102	0.694261	0.001063	0.497959	0.007102	0.295745	0.692157	0.146362	0.146995	-0.0131635690991248
20deg0-5deg1-0deg2_4	1000	1	TP53;CALCA	0.497959	0.007575	0.692860	0.000355	0.497959	0.007575	0.606383	0.405882	0.144870	0.145799	0.0125074826205822
25deg0-10deg1-5deg2_19	10000	10000	KCNA1;UBQLN3	0.501020	0.004676	0.693563	0.000153	0.501020	0.004676	0.372340	0.615686	0.081251	0.083864	-0.0123332542174871
25deg0-20deg1-10deg2_3	100	1	CCL2	0.501020	0.006879	0.694081	0.000347	0.501020	0.006879	0.670213	0.341176	0.146252	0.144094	0.0120484528091794
25deg0-20deg1-0deg2_2	10	1	FMO1;CYP3A4;HNRNPL	0.491837	0.010626	0.694289	0.000197	0.491837	0.010626	0.440426	0.570588	0.108770	0.115020	0.0110999076930429
20deg0-0deg1-0deg2_7	10	10	TNFSF10	0.484694	0.008638	0.692503	0.000335	0.484694	0.008638	0.244681	0.764706	0.112014	0.117647	0.0109837024944078
20deg0-20deg1-5deg2_7	10	10	TNFSF10	0.484694	0.008638	0.692503	0.000335	0.484694	0.008638	0.244681	0.764706	0.112014	0.117647	0.0109837024944078
25deg0-0deg1-0deg2_7	10	10	TNFSF10	0.484694	0.008638	0.692503	0.000335	0.484694	0.008638	0.244681	0.764706	0.112014	0.117647	0.0109837024944078
20deg0-5deg1-10deg2_4	1000	1	CARD9;FGR;SRRM1	0.508163	0.002041	0.721072	0.013453	0.508163	0.002041	0.797872	0.209804	0.074468	0.072549	0.00947989093119317
30deg0-15deg1-0deg2_5	10000	1	PTGER1;CXCL2	0.500000	0.000000	0.752950	0.017435	0.500000	0.000000	0.617021	0.392157	0.000000	0.000000	0.00941054129878488
25deg0-15deg1-5deg2_16	1000	1000	TSGA10	0.512245	0.009352	0.783129	0.033536	0.512245	0.009352	0.691489	0.300000	0.146252	0.152753	-0.00924302693088421
25deg0-5deg1-10deg2_19	10000	10000	SLC16A7;ACTG2	0.495918	0.003117	0.693886	0.000227	0.495918	0.003117	0.512766	0.496078	0.009750	0.002995	0.0088378080315262
20deg0-0deg1-5deg2_11	100000	10	NHLH2	0.479592	0.000000	3.503567	0.114433	0.479592	0.000000	0.042553	0.960784	0.000000	0.000000	0.00842550493623076
30deg0-20deg1-0deg2_2	10	1	DYNC1H1;SNAI1	0.508163	0.006235	0.693550	0.000301	0.508163	0.006235	0.597872	0.394118	0.145466	0.144899	-0.00817538397842515
25deg0-15deg1-5deg2_21	100000	100000	SLCO4C1;ELF3;SCN1B	0.500000	0.000000	0.792826	0.005500	0.500000	0.000000	0.595745	0.411765	0.000000	0.000000	0.00763360988462793
20deg0-0deg1-5deg2_19	10000	10000	RASGRF1;HRG	0.511224	0.004676	0.701889	0.001072	0.511224	0.004676	0.840426	0.164706	0.081251	0.083864	0.00695425642127603
30deg0-20deg1-5deg2_4	1000	1	LRP2BP	0.491837	0.002545	0.696555	0.001440	0.491837	0.002545	0.229787	0.764706	0.123078	0.117647	-0.00651137732051769
25deg0-10deg1-10deg2_3	100	1	TAS2R16	0.520408	0.000000	2.516604	0.280326	0.520408	0.000000	0.978723	0.019608	0.000000	0.000000	-0.00589707795611456
25deg0-20deg1-10deg2_11	100000	10	DPPA4	0.520408	0.000000	5.543667	0.174261	0.520408	0.000000	0.978723	0.019608	0.000000	0.000000	-0.00589707795611456
20deg0-15deg1-5deg2_2	10	1	CYP3A4;PODXL	0.502041	0.006235	0.693509	0.000298	0.502041	0.006235	0.619149	0.386275	0.144390	0.144533	0.00557238684303957
25deg0-10deg1-0deg2_10	10000	10	LAMA2	0.493878	0.007004	0.699399	0.005753	0.493878	0.007004	0.291489	0.703922	0.108955	0.113147	-0.00503272216213648
20deg0-5deg1-10deg2_5	10000	1	CARD9;FGR;SRRM1	0.504082	0.003117	0.721072	0.013453	0.504082	0.003117	0.648936	0.354902	0.113752	0.110820	0.00401195710113815
20deg0-10deg1-5deg2_6	100000	1	MYO3A;CYP4F8	0.500000	0.000000	0.694798	0.000193	0.500000	0.000000	0.468085	0.529412	0.000000	0.000000	-0.00250561469949226
25deg0-15deg1-5deg2_10	10000	10	DLX5	0.501020	0.007207	0.996265	0.190162	0.501020	0.007207	0.497872	0.500000	0.165970	0.166667	-0.00212623109558345
25deg0-5deg1-5deg2_12	100	100	SCN2A	0.483673	0.004082	1.521062	0.294882	0.483673	0.004082	0.117021	0.884314	0.095745	0.096078	0.00208019648232427
25deg0-5deg1-5deg2_13	1000	100	SCN2A	0.483673	0.004082	1.521062	0.294882	0.483673	0.004082	0.117021	0.884314	0.095745	0.096078	0.00208019648232427
25deg0-5deg1-5deg2_16	1000	1000	SCN2A	0.483673	0.004082	1.524398	0.295907	0.483673	0.004082	0.117021	0.884314	0.095745	0.096078	0.00208019648232427
25deg0-5deg1-5deg2_17	10000	1000	SCN2A	0.483673	0.004082	1.524398	0.295907	0.483673	0.004082	0.117021	0.884314	0.095745	0.096078	0.00208019648232427
25deg0-5deg1-5deg2_18	100000	1000	SCN2A	0.483673	0.004082	1.524398	0.295907	0.483673	0.004082	0.117021	0.884314	0.095745	0.096078	0.00208019648232427
30deg0-10deg1-5deg2_4	1000	1	DLX5	0.503061	0.008056	0.693572	0.000235	0.503061	0.008056	0.597872	0.403922	0.154097	0.156895	0.00182717400109466
20deg0-5deg1-0deg2_5	10000	1	TAS2R16	0.512245	0.005442	3.554542	0.790288	0.512245	0.005442	0.787234	0.211765	0.127660	0.128105	-0.00122300335154587
20deg0-0deg1-0deg2_15	100000	100	TNFSF10	0.488776	0.005367	0.694160	0.000691	0.488776	0.005367	0.212766	0.786275	0.127660	0.127792	-0.00116964068456263
20deg0-15deg1-10deg2_15	100000	100	TNFSF10	0.488776	0.005367	0.694160	0.000691	0.488776	0.005367	0.212766	0.786275	0.127660	0.127792	-0.00116964068456263
20deg0-20deg1-5deg2_15	100000	100	TNFSF10	0.488776	0.005367	0.694160	0.000691	0.488776	0.005367	0.212766	0.786275	0.127660	0.127792	-0.00116964068456263
25deg0-0deg1-0deg2_15	100000	100	TNFSF10	0.488776	0.005367	0.694160	0.000691	0.488776	0.005367	0.212766	0.786275	0.127660	0.127792	-0.00116964068456263
30deg0-20deg1-5deg2_15	100000	100	TNFSF10	0.488776	0.005367	0.694160	0.000691	0.488776	0.005367	0.212766	0.786275	0.127660	0.127792	-0.00116964068456263
30deg0-0deg1-10deg2_3	100	1	KRT33B;NCF1	0.514286	0.003117	0.695027	0.000207	0.514286	0.003117	0.840426	0.158824	0.081251	0.080869	-0.00102416363864388
20deg0-20deg1-5deg2_21	100000	100000	PTPRR;ITPR3	0.500000	0.000000	0.698217	0.000390	0.500000	0.000000	0.489362	0.509804	0.000000	0.000000	-0.00083347858353468
30deg0-20deg1-0deg2_14	10000	100	SCN2A	0.491837	0.006235	1.537889	0.356721	0.491837	0.006235	0.308511	0.692157	0.146252	0.146762	0.000722756691523124
20deg0-0deg1-10deg2_1	1	1	CRB1	0.504082	0.006665	0.693352	0.000085	0.504082	0.006665	0.591489	0.407843	0.149402	0.150492	-0.000678994834236442
25deg0-10deg1-0deg2_9	1000	10	LAMA2	0.498980	0.006170	0.693202	0.000926	0.498980	0.006170	0.468085	0.531373	0.075790	0.079053	-0.000542635390511589
30deg0-10deg1-0deg2_4	1000	1	GPR68;GRM4	0.506122	0.005313	0.694236	0.000482	0.506122	0.005313	0.653191	0.347059	0.129772	0.129802	0.000262388311241278
20deg0-10deg1-10deg2_8	100	10	GRM4	0.516327	0.004082	1.038294	0.076767	0.516327	0.004082	0.900000	0.100000	0.100000	0.100000	1.77709791416969e-16
20deg0-10deg1-10deg2_11	100000	10	KIF14	0.516327	0.004082	4.501069	0.645715	0.516327	0.004082	0.900000	0.100000	0.100000	0.100000	1.77709791416969e-16
20deg0-15deg1-10deg2_5	10000	1	SLCO1A2	0.516327	0.004082	1.594238	0.184505	0.516327	0.004082	0.900000	0.100000	0.100000	0.100000	1.77709791416969e-16
20deg0-15deg1-5deg2_6	100000	1	KIF14	0.516327	0.004082	0.776484	0.035584	0.516327	0.004082	0.900000	0.100000	0.100000	0.100000	1.77709791416969e-16
20deg0-20deg1-0deg2_21	100000	100000	ID4	0.516327	0.004082	0.932284	0.068462	0.516327	0.004082	0.900000	0.100000	0.100000	0.100000	1.77709791416969e-16
20deg0-5deg1-10deg2_3	100	1	STK39	0.516327	0.004082	0.694045	0.000328	0.516327	0.004082	0.900000	0.100000	0.100000	0.100000	1.77709791416969e-16
25deg0-5deg1-5deg2_8	100	10	SERINC2	0.516327	0.004082	1.410218	0.179877	0.516327	0.004082	0.900000	0.100000	0.100000	0.100000	1.77709791416969e-16
30deg0-10deg1-10deg2_8	100	10	GNG3	0.516327	0.004082	1.608347	0.311963	0.516327	0.004082	0.900000	0.100000	0.100000	0.100000	1.77709791416969e-16
30deg0-10deg1-10deg2_14	10000	100	GNG3	0.516327	0.004082	1.924059	0.407591	0.516327	0.004082	0.900000	0.100000	0.100000	0.100000	1.77709791416969e-16
30deg0-20deg1-0deg2_19	10000	10000	BCL2A1	0.516327	0.004082	1.324274	0.169080	0.516327	0.004082	0.900000	0.100000	0.100000	0.100000	1.77709791416969e-16
20deg0-0deg1-5deg2_5	10000	1	TST	0.487755	0.005442	0.805353	0.051867	0.487755	0.005442	0.200000	0.800000	0.133333	0.133333	8.88548957084846e-17
20deg0-10deg1-10deg2_12	100	100	LFNG	0.487755	0.005442	1.409510	0.317624	0.487755	0.005442	0.200000	0.800000	0.133333	0.133333	8.88548957084846e-17
20deg0-10deg1-10deg2_16	1000	1000	LFNG	0.487755	0.005442	1.416337	0.320238	0.487755	0.005442	0.200000	0.800000	0.133333	0.133333	8.88548957084846e-17
20deg0-10deg1-10deg2_17	10000	1000	LFNG	0.487755	0.005442	1.416337	0.320238	0.487755	0.005442	0.200000	0.800000	0.133333	0.133333	8.88548957084846e-17
20deg0-10deg1-10deg2_20	100000	10000	LFNG	0.487755	0.005442	1.416406	0.320264	0.487755	0.005442	0.200000	0.800000	0.133333	0.133333	8.88548957084846e-17
20deg0-15deg1-5deg2_11	100000	10	COL1A2	0.487755	0.005442	2.357042	0.983539	0.487755	0.005442	0.200000	0.800000	0.133333	0.133333	8.88548957084846e-17
20deg0-20deg1-10deg2_3	100	1	SLC12A2	0.487755	0.005442	0.692846	0.000158	0.487755	0.005442	0.200000	0.800000	0.133333	0.133333	8.88548957084846e-17
25deg0-15deg1-5deg2_13	1000	100	RASGRF1	0.487755	0.005442	0.809796	0.040228	0.487755	0.005442	0.200000	0.800000	0.133333	0.133333	8.88548957084846e-17
25deg0-15deg1-5deg2_18	100000	1000	RASGRF1	0.487755	0.005442	0.810940	0.040554	0.487755	0.005442	0.200000	0.800000	0.133333	0.133333	8.88548957084846e-17
30deg0-20deg1-5deg2_16	1000	1000	U2AF2	0.487755	0.005442	2.791020	0.586521	0.487755	0.005442	0.200000	0.800000	0.133333	0.133333	8.88548957084846e-17
30deg0-20deg1-5deg2_17	10000	1000	U2AF2	0.487755	0.005442	2.791020	0.586521	0.487755	0.005442	0.200000	0.800000	0.133333	0.133333	8.88548957084846e-17
30deg0-20deg1-5deg2_19	10000	10000	U2AF2	0.487755	0.005442	2.791217	0.586571	0.487755	0.005442	0.200000	0.800000	0.133333	0.133333	8.88548957084846e-17
20deg0-0deg1-5deg2_2	10	1	TST	0.491837	0.006235	0.694636	0.000673	0.491837	0.006235	0.300000	0.700000	0.152753	0.152753	-7.75589115145786e-17
20deg0-10deg1-0deg2_5	10000	1	PABPN1;CYP1A1	0.508163	0.006235	0.693582	0.000304	0.508163	0.006235	0.700000	0.300000	0.152753	0.152753	-7.75589115145786e-17
20deg0-10deg1-0deg2_19	10000	10000	SCN2A;EWSR1	0.508163	0.006235	0.693551	0.000302	0.508163	0.006235	0.700000	0.300000	0.152753	0.152753	-7.75589115145786e-17
20deg0-10deg1-5deg2_5	10000	1	MYO3A;CYP4F8	0.508163	0.006235	0.693674	0.000319	0.508163	0.006235	0.700000	0.300000	0.152753	0.152753	-7.75589115145786e-17
20deg0-15deg1-5deg2_4	1000	1	KIF14	0.508163	0.006235	0.701308	0.003072	0.508163	0.006235	0.700000	0.300000	0.152753	0.152753	-7.75589115145786e-17
20deg0-5deg1-10deg2_16	1000	1000	TLE4	0.491837	0.006235	0.762709	0.026739	0.491837	0.006235	0.300000	0.700000	0.152753	0.152753	-7.75589115145786e-17
20deg0-5deg1-10deg2_19	10000	10000	NOX3;ACTG2	0.508163	0.006235	0.693551	0.000302	0.508163	0.006235	0.700000	0.300000	0.152753	0.152753	-7.75589115145786e-17
25deg0-0deg1-5deg2_1	1	1	TST	0.508163	0.006235	0.694708	0.000667	0.508163	0.006235	0.700000	0.300000	0.152753	0.152753	-7.75589115145786e-17
25deg0-0deg1-5deg2_2	10	1	TST	0.491837	0.006235	0.694636	0.000673	0.491837	0.006235	0.300000	0.700000	0.152753	0.152753	-7.75589115145786e-17
25deg0-0deg1-5deg2_11	100000	10	ST3GAL1	0.508163	0.006235	4.009495	1.181968	0.508163	0.006235	0.700000	0.300000	0.152753	0.152753	-7.75589115145786e-17
25deg0-10deg1-0deg2_11	100000	10	LAMA2	0.508163	0.006235	1.572494	0.315339	0.508163	0.006235	0.700000	0.300000	0.152753	0.152753	-7.75589115145786e-17
25deg0-10deg1-0deg2_19	10000	10000	COX17;LAMA2	0.508163	0.006235	0.693551	0.000302	0.508163	0.006235	0.700000	0.300000	0.152753	0.152753	-7.75589115145786e-17
25deg0-15deg1-5deg2_4	1000	1	HRG	0.508163	0.006235	0.988178	0.065958	0.508163	0.006235	0.700000	0.300000	0.152753	0.152753	-7.75589115145786e-17
25deg0-5deg1-0deg2_15	100000	100	LAMA2	0.491837	0.006235	0.713694	0.011250	0.491837	0.006235	0.300000	0.700000	0.152753	0.152753	-7.75589115145786e-17
30deg0-10deg1-10deg2_19	10000	10000	MED22;EWSR1	0.508163	0.006235	0.693551	0.000302	0.508163	0.006235	0.700000	0.300000	0.152753	0.152753	-7.75589115145786e-17
30deg0-10deg1-5deg2_19	10000	10000	TAS2R16;GNG3	0.508163	0.006235	0.693551	0.000302	0.508163	0.006235	0.700000	0.300000	0.152753	0.152753	-7.75589115145786e-17
30deg0-15deg1-5deg2_19	10000	10000	FXYD6;CYP3A4	0.508163	0.006235	0.693551	0.000302	0.508163	0.006235	0.700000	0.300000	0.152753	0.152753	-7.75589115145786e-17
30deg0-15deg1-5deg2_21	100000	100000	SLCO2A1	0.508163	0.006235	0.767806	0.018415	0.508163	0.006235	0.700000	0.300000	0.152753	0.152753	-7.75589115145786e-17
30deg0-20deg1-5deg2_1	1	1	TST	0.508163	0.006235	0.694708	0.000667	0.508163	0.006235	0.700000	0.300000	0.152753	0.152753	-7.75589115145786e-17
30deg0-20deg1-5deg2_2	10	1	TST	0.491837	0.006235	0.694636	0.000673	0.491837	0.006235	0.300000	0.700000	0.152753	0.152753	-7.75589115145786e-17
20deg0-10deg1-0deg2_1	1	1	FGB	0.512245	0.005442	0.768008	0.030462	0.512245	0.005442	0.800000	0.200000	0.133333	0.133333	5.92365971389897e-17
20deg0-10deg1-10deg2_15	100000	100	GRM4	0.512245	0.005442	1.190679	0.123538	0.512245	0.005442	0.800000	0.200000	0.133333	0.133333	5.92365971389897e-17
20deg0-5deg1-0deg2_12	100	100	PTGER1	0.512245	0.005442	3.698978	0.767000	0.512245	0.005442	0.800000	0.200000	0.133333	0.133333	5.92365971389897e-17
20deg0-5deg1-0deg2_13	1000	100	PTGER1	0.512245	0.005442	3.698978	0.767000	0.512245	0.005442	0.800000	0.200000	0.133333	0.133333	5.92365971389897e-17
20deg0-5deg1-0deg2_16	1000	1000	PTGER1	0.512245	0.005442	3.710343	0.769673	0.512245	0.005442	0.800000	0.200000	0.133333	0.133333	5.92365971389897e-17
20deg0-5deg1-0deg2_17	10000	1000	PTGER1	0.512245	0.005442	3.710343	0.769673	0.512245	0.005442	0.800000	0.200000	0.133333	0.133333	5.92365971389897e-17
20deg0-5deg1-0deg2_18	100000	1000	PTGER1	0.512245	0.005442	3.710343	0.769673	0.512245	0.005442	0.800000	0.200000	0.133333	0.133333	5.92365971389897e-17
20deg0-5deg1-0deg2_20	100000	10000	PTGER1	0.512245	0.005442	3.710457	0.769700	0.512245	0.005442	0.800000	0.200000	0.133333	0.133333	5.92365971389897e-17
20deg0-5deg1-5deg2_7	10	10	PTGER1	0.512245	0.005442	2.751715	0.541138	0.512245	0.005442	0.800000	0.200000	0.133333	0.133333	5.92365971389897e-17
25deg0-5deg1-5deg2_7	10	10	SV2B	0.512245	0.005442	1.316509	0.143579	0.512245	0.005442	0.800000	0.200000	0.133333	0.133333	5.92365971389897e-17
30deg0-0deg1-10deg2_19	10000	10000	COCH	0.512245	0.005442	1.040640	0.095767	0.512245	0.005442	0.800000	0.200000	0.133333	0.133333	5.92365971389897e-17
30deg0-20deg1-0deg2_9	1000	10	GRM4	0.512245	0.005442	1.741441	0.219025	0.512245	0.005442	0.800000	0.200000	0.133333	0.133333	5.92365971389897e-17
30deg0-5deg1-10deg2_4	1000	1	GUCY2D	0.512245	0.005442	0.729785	0.019555	0.512245	0.005442	0.800000	0.200000	0.133333	0.133333	5.92365971389897e-17
20deg0-0deg1-0deg2_5	10000	1	TNFSF10	0.504082	0.006665	0.756600	0.048095	0.504082	0.006665	0.600000	0.400000	0.163299	0.163299	4.83664790297782e-17
20deg0-10deg1-0deg2_2	10	1	FGB	0.504082	0.006665	0.752059	0.024237	0.504082	0.006665	0.600000	0.400000	0.163299	0.163299	4.83664790297782e-17
20deg0-10deg1-10deg2_7	10	10	GRM4	0.495918	0.006665	0.911120	0.069475	0.495918	0.006665	0.400000	0.600000	0.163299	0.163299	-4.83664790297782e-17
20deg0-10deg1-5deg2_7	10	10	KCNJ16	0.504082	0.006665	0.847552	0.052177	0.504082	0.006665	0.600000	0.400000	0.163299	0.163299	4.83664790297782e-17
20deg0-5deg1-5deg2_8	100	10	PTGER1	0.504082	0.006665	2.024149	0.312287	0.504082	0.006665	0.600000	0.400000	0.163299	0.163299	4.83664790297782e-17
25deg0-0deg1-0deg2_13	1000	100	TNFSF10	0.495918	0.006665	0.722297	0.011184	0.495918	0.006665	0.400000	0.600000	0.163299	0.163299	-4.83664790297782e-17
25deg0-0deg1-0deg2_18	100000	1000	TNFSF10	0.495918	0.006665	0.723094	0.011456	0.495918	0.006665	0.400000	0.600000	0.163299	0.163299	-4.83664790297782e-17
25deg0-0deg1-5deg2_6	100000	1	NHLH2;SERINC2;UBQLN3	0.504082	0.006665	0.697995	0.000932	0.504082	0.006665	0.600000	0.400000	0.163299	0.163299	4.83664790297782e-17
25deg0-10deg1-10deg2_13	1000	100	TNFSF10	0.495918	0.006665	0.722297	0.011184	0.495918	0.006665	0.400000	0.600000	0.163299	0.163299	-4.83664790297782e-17
25deg0-10deg1-10deg2_18	100000	1000	TNFSF10	0.495918	0.006665	0.723094	0.011456	0.495918	0.006665	0.400000	0.600000	0.163299	0.163299	-4.83664790297782e-17
25deg0-15deg1-5deg2_12	100	100	GTF2F2	0.504082	0.006665	1.083225	0.143351	0.504082	0.006665	0.600000	0.400000	0.163299	0.163299	4.83664790297782e-17
25deg0-15deg1-5deg2_17	10000	1000	GTF2F2	0.504082	0.006665	1.086900	0.144509	0.504082	0.006665	0.600000	0.400000	0.163299	0.163299	4.83664790297782e-17
25deg0-15deg1-5deg2_20	100000	10000	GTF2F2	0.504082	0.006665	1.086938	0.144520	0.504082	0.006665	0.600000	0.400000	0.163299	0.163299	4.83664790297782e-17
30deg0-0deg1-5deg2_19	10000	10000	RASGRF1	0.504082	0.006665	0.813215	0.051164	0.504082	0.006665	0.600000	0.400000	0.163299	0.163299	4.83664790297782e-17
30deg0-0deg1-5deg2_21	100000	100000	RASGRF1	0.504082	0.006665	0.813215	0.051164	0.504082	0.006665	0.600000	0.400000	0.163299	0.163299	4.83664790297782e-17
30deg0-10deg1-10deg2_13	1000	100	TNFSF10	0.495918	0.006665	0.722297	0.011184	0.495918	0.006665	0.400000	0.600000	0.163299	0.163299	-4.83664790297782e-17
30deg0-10deg1-10deg2_18	100000	1000	TNFSF10	0.495918	0.006665	0.723094	0.011456	0.495918	0.006665	0.400000	0.600000	0.163299	0.163299	-4.83664790297782e-17
30deg0-10deg1-5deg2_11	100000	10	COX17	0.495918	0.006665	0.923662	0.105301	0.495918	0.006665	0.400000	0.600000	0.163299	0.163299	-4.83664790297782e-17
30deg0-10deg1-5deg2_12	100	100	RGS16	0.495918	0.006665	0.922039	0.090863	0.495918	0.006665	0.400000	0.600000	0.163299	0.163299	-4.83664790297782e-17
30deg0-10deg1-5deg2_14	10000	100	POLQ	0.504082	0.006665	1.641819	0.403172	0.504082	0.006665	0.600000	0.400000	0.163299	0.163299	4.83664790297782e-17
30deg0-10deg1-5deg2_16	1000	1000	RGS16	0.495918	0.006665	0.924104	0.091627	0.495918	0.006665	0.400000	0.600000	0.163299	0.163299	-4.83664790297782e-17
30deg0-10deg1-5deg2_17	10000	1000	RGS16	0.495918	0.006665	0.924104	0.091627	0.495918	0.006665	0.400000	0.600000	0.163299	0.163299	-4.83664790297782e-17
30deg0-10deg1-5deg2_20	100000	10000	RGS16	0.495918	0.006665	0.924124	0.091634	0.495918	0.006665	0.400000	0.600000	0.163299	0.163299	-4.83664790297782e-17
30deg0-5deg1-0deg2_3	100	1	ACTG2	0.495918	0.006665	0.694355	0.000551	0.495918	0.006665	0.400000	0.600000	0.163299	0.163299	-4.83664790297782e-17
30deg0-5deg1-10deg2_21	100000	100000	EPHA7	0.495918	0.006665	0.952956	0.079301	0.495918	0.006665	0.400000	0.600000	0.163299	0.163299	-4.83664790297782e-17
20deg0-10deg1-0deg2_4	1000	1	TGFB3	0.483673	0.004082	0.692767	0.000197	0.483673	0.004082	0.100000	0.900000	0.100000	0.100000	-3.94910647593265e-17
20deg0-15deg1-10deg2_4	1000	1	SLCO1A2	0.483673	0.004082	0.904719	0.070812	0.483673	0.004082	0.100000	0.900000	0.100000	0.100000	-3.94910647593265e-17
20deg0-20deg1-5deg2_19	10000	10000	TNS1	0.483673	0.004082	1.013155	0.128312	0.483673	0.004082	0.100000	0.900000	0.100000	0.100000	-3.94910647593265e-17
25deg0-0deg1-0deg2_3	100	1	POLQ	0.483673	0.004082	0.700248	0.003685	0.483673	0.004082	0.100000	0.900000	0.100000	0.100000	-3.94910647593265e-17
25deg0-0deg1-0deg2_10	10000	10	POLQ	0.483673	0.004082	5.453594	1.263979	0.483673	0.004082	0.100000	0.900000	0.100000	0.100000	-3.94910647593265e-17
25deg0-0deg1-10deg2_3	100	1	POLQ	0.483673	0.004082	0.700248	0.003685	0.483673	0.004082	0.100000	0.900000	0.100000	0.100000	-3.94910647593265e-17
25deg0-20deg1-0deg2_11	100000	10	TP53	0.483673	0.004082	10.557536	1.755322	0.483673	0.004082	0.100000	0.900000	0.100000	0.100000	-3.94910647593265e-17
20deg0-0deg1-0deg2_1	1	1	CYP3A4	0.479592	0.000000	0.713220	0.001392	0.479592	0.000000	0.000000	1.000000	0.000000	0.000000	0
20deg0-0deg1-0deg2_2	10	1	TNFSF10	0.520408	0.000000	0.764501	0.013825	0.520408	0.000000	1.000000	0.000000	0.000000	0.000000	0
20deg0-0deg1-0deg2_3	100	1	TNFSF10	0.520408	0.000000	0.726925	0.012526	0.520408	0.000000	1.000000	0.000000	0.000000	0.000000	0
20deg0-0deg1-0deg2_4	1000	1	TNFSF10	0.520408	0.000000	0.765834	0.031862	0.520408	0.000000	1.000000	0.000000	0.000000	0.000000	0
20deg0-0deg1-0deg2_8	100	10	EWSR1	0.520408	0.000000	4.198217	0.082107	0.520408	0.000000	1.000000	0.000000	0.000000	0.000000	0
20deg0-0deg1-0deg2_10	10000	10	CYP3A4	0.520408	0.000000	9.986625	0.273541	0.520408	0.000000	1.000000	0.000000	0.000000	0.000000	0
20deg0-0deg1-0deg2_11	100000	10	CYP3A4	0.479592	0.000000	12.525966	0.266990	0.479592	0.000000	0.000000	1.000000	0.000000	0.000000	0
20deg0-0deg1-0deg2_12	100	100	EWSR1	0.520408	0.000000	10.628486	0.383465	0.520408	0.000000	1.000000	0.000000	0.000000	0.000000	0
20deg0-0deg1-0deg2_14	10000	100	TNFSF10	0.500000	0.006803	0.737374	0.011900	0.500000	0.006803	0.500000	0.500000	0.166667	0.166667	0
20deg0-0deg1-0deg2_16	1000	1000	TNFSF10	0.479592	0.000000	0.804392	0.029773	0.479592	0.000000	0.000000	1.000000	0.000000	0.000000	0
20deg0-0deg1-0deg2_17	10000	1000	EWSR1	0.520408	0.000000	10.728782	0.387092	0.520408	0.000000	1.000000	0.000000	0.000000	0.000000	0
20deg0-0deg1-0deg2_20	100000	10000	TNFSF10	0.479592	0.000000	0.804407	0.029777	0.479592	0.000000	0.000000	1.000000	0.000000	0.000000	0
20deg0-0deg1-0deg2_21	100000	100000	TNFSF10	0.479592	0.000000	0.804408	0.029777	0.479592	0.000000	0.000000	1.000000	0.000000	0.000000	0
20deg0-0deg1-10deg2_12	100	100	EWSR1	0.520408	0.000000	10.628486	0.383465	0.520408	0.000000	1.000000	0.000000	0.000000	0.000000	0
20deg0-0deg1-10deg2_13	1000	100	EWSR1	0.520408	0.000000	10.702162	0.335059	0.520408	0.000000	1.000000	0.000000	0.000000	0.000000	0
20deg0-0deg1-10deg2_14	10000	100	HCN2	0.520408	0.000000	6.492247	0.301547	0.520408	0.000000	1.000000	0.000000	0.000000	0.000000	0
20deg0-0deg1-10deg2_15	100000	100	HCN2	0.520408	0.000000	4.341110	0.302714	0.520408	0.000000	1.000000	0.000000	0.000000	0.000000	0
20deg0-0deg1-10deg2_16	1000	1000	EWSR1	0.520408	0.000000	10.728782	0.387092	0.520408	0.000000	1.000000	0.000000	0.000000	0.000000	0
20deg0-0deg1-10deg2_17	10000	1000	EWSR1	0.520408	0.000000	10.728782	0.387092	0.520408	0.000000	1.000000	0.000000	0.000000	0.000000	0
20deg0-0deg1-10deg2_18	100000	1000	EWSR1	0.520408	0.000000	10.803282	0.338154	0.520408	0.000000	1.000000	0.000000	0.000000	0.000000	0
20deg0-0deg1-10deg2_20	100000	10000	EWSR1	0.520408	0.000000	10.729790	0.387128	0.520408	0.000000	1.000000	0.000000	0.000000	0.000000	0
20deg0-0deg1-5deg2_7	10	10	UBQLN3	0.479592	0.000000	5.888975	0.252558	0.479592	0.000000	0.000000	1.000000	0.000000	0.000000	0
20deg0-0deg1-5deg2_8	100	10	UBQLN3	0.479592	0.000000	6.463756	0.064500	0.479592	0.000000	0.000000	1.000000	0.000000	0.000000	0
20deg0-0deg1-5deg2_9	1000	10	PODXL	0.520408	0.000000	1.046523	0.058598	0.520408	0.000000	1.000000	0.000000	0.000000	0.000000	0
20deg0-0deg1-5deg2_10	10000	10	PODXL	0.479592	0.000000	1.847247	0.235540	0.479592	0.000000	0.000000	1.000000	0.000000	0.000000	0
20deg0-0deg1-5deg2_14	10000	100	RASGRF1	0.479592	0.000000	0.991475	0.046586	0.479592	0.000000	0.000000	1.000000	0.000000	0.000000	0
20deg0-0deg1-5deg2_15	100000	100	PAIP2B	0.520408	0.000000	3.522306	0.057998	0.520408	0.000000	1.000000	0.000000	0.000000	0.000000	0
20deg0-0deg1-5deg2_21	100000	100000	DPPA4;HRG	0.479592	0.000000	0.692751	0.000049	0.479592	0.000000	0.000000	1.000000	0.000000	0.000000	0
20deg0-10deg1-0deg2_7	10	10	EWSR1	0.520408	0.000000	4.198006	0.134178	0.520408	0.000000	1.000000	0.000000	0.000000	0.000000	0
20deg0-10deg1-0deg2_8	100	10	EWSR1	0.520408	0.000000	4.198217	0.082107	0.520408	0.000000	1.000000	0.000000	0.000000	0.000000	0
20deg0-10deg1-0deg2_9	1000	10	ELF3	0.520408	0.000000	6.281458	0.389505	0.520408	0.000000	1.000000	0.000000	0.000000	0.000000	0
20deg0-10deg1-0deg2_10	10000	10	AQP7	0.520408	0.000000	7.496654	0.139258	0.520408	0.000000	1.000000	0.000000	0.000000	0.000000	0
20deg0-10deg1-0deg2_11	100000	10	FGB	0.520408	0.000000	2.648640	0.506131	0.520408	0.000000	1.000000	0.000000	0.000000	0.000000	0
20deg0-10deg1-0deg2_12	100	100	EWSR1	0.520408	0.000000	10.628486	0.383465	0.520408	0.000000	1.000000	0.000000	0.000000	0.000000	0
20deg0-10deg1-0deg2_13	1000	100	EWSR1	0.520408	0.000000	10.702162	0.335059	0.520408	0.000000	1.000000	0.000000	0.000000	0.000000	0
20deg0-10deg1-0deg2_14	10000	100	EWSR1	0.520408	0.000000	11.237503	0.218496	0.520408	0.000000	1.000000	0.000000	0.000000	0.000000	0
20deg0-10deg1-0deg2_15	100000	100	EWSR1	0.520408	0.000000	10.238761	0.433134	0.520408	0.000000	1.000000	0.000000	0.000000	0.000000	0
20deg0-10deg1-0deg2_16	1000	1000	EWSR1	0.520408	0.000000	10.728782	0.387092	0.520408	0.000000	1.000000	0.000000	0.000000	0.000000	0
20deg0-10deg1-0deg2_17	10000	1000	EWSR1	0.520408	0.000000	10.728782	0.387092	0.520408	0.000000	1.000000	0.000000	0.000000	0.000000	0
20deg0-10deg1-0deg2_18	100000	1000	EWSR1	0.520408	0.000000	10.803282	0.338154	0.520408	0.000000	1.000000	0.000000	0.000000	0.000000	0
20deg0-10deg1-0deg2_20	100000	10000	EWSR1	0.520408	0.000000	10.729790	0.387128	0.520408	0.000000	1.000000	0.000000	0.000000	0.000000	0
20deg0-10deg1-10deg2_3	100	1	CXCL2	0.520408	0.000000	0.771740	0.011833	0.520408	0.000000	1.000000	0.000000	0.000000	0.000000	0
20deg0-10deg1-10deg2_4	1000	1	CXCL2	0.520408	0.000000	0.924648	0.050583	0.520408	0.000000	1.000000	0.000000	0.000000	0.000000	0
20deg0-10deg1-10deg2_13	1000	100	LFNG	0.500000	0.006803	1.304406	0.332598	0.500000	0.006803	0.500000	0.500000	0.166667	0.166667	0
20deg0-10deg1-10deg2_18	100000	1000	LFNG	0.500000	0.006803	1.309649	0.334857	0.500000	0.006803	0.500000	0.500000	0.166667	0.166667	0
20deg0-10deg1-5deg2_1	1	1	KCNA1	0.520408	0.000000	0.695392	0.000126	0.520408	0.000000	1.000000	0.000000	0.000000	0.000000	0
20deg0-10deg1-5deg2_2	10	1	HAO1	0.520408	0.000000	1.144304	0.031783	0.520408	0.000000	1.000000	0.000000	0.000000	0.000000	0
20deg0-10deg1-5deg2_3	100	1	HAO1	0.520408	0.000000	0.903755	0.036313	0.520408	0.000000	1.000000	0.000000	0.000000	0.000000	0
20deg0-10deg1-5deg2_10	10000	10	VPS4A	0.520408	0.000000	16.333291	0.008231	0.520408	0.000000	1.000000	0.000000	0.000000	0.000000	0
20deg0-10deg1-5deg2_15	100000	100	GPR68	0.520408	0.000000	8.131763	0.189608	0.520408	0.000000	1.000000	0.000000	0.000000	0.000000	0
20deg0-15deg1-0deg2_3	100	1	TNFSF10	0.520408	0.000000	0.726925	0.012526	0.520408	0.000000	1.000000	0.000000	0.000000	0.000000	0
20deg0-15deg1-0deg2_9	1000	10	HSP90AA1	0.479592	0.000000	6.286380	0.528094	0.479592	0.000000	0.000000	1.000000	0.000000	0.000000	0
20deg0-15deg1-0deg2_12	100	100	UBQLN3	0.479592	0.000000	7.437300	0.319358	0.479592	0.000000	0.000000	1.000000	0.000000	0.000000	0
20deg0-15deg1-0deg2_13	1000	100	ADH1B	0.520408	0.000000	12.110981	0.401702	0.520408	0.000000	1.000000	0.000000	0.000000	0.000000	0
20deg0-15deg1-0deg2_16	1000	1000	UBQLN3	0.479592	0.000000	7.454996	0.320123	0.479592	0.000000	0.000000	1.000000	0.000000	0.000000	0
20deg0-15deg1-0deg2_17	10000	1000	UBQLN3	0.479592	0.000000	7.454996	0.320123	0.479592	0.000000	0.000000	1.000000	0.000000	0.000000	0
20deg0-15deg1-0deg2_18	100000	1000	ADH1B	0.520408	0.000000	12.145893	0.402856	0.520408	0.000000	1.000000	0.000000	0.000000	0.000000	0
20deg0-15deg1-0deg2_20	100000	10000	UBQLN3	0.479592	0.000000	7.455177	0.320132	0.479592	0.000000	0.000000	1.000000	0.000000	0.000000	0
20deg0-15deg1-10deg2_9	1000	10	PTGER1	0.479592	0.000000	2.074470	0.110538	0.479592	0.000000	0.000000	1.000000	0.000000	0.000000	0
20deg0-15deg1-10deg2_11	100000	10	AMACR	0.479592	0.000000	10.090202	0.626515	0.479592	0.000000	0.000000	1.000000	0.000000	0.000000	0
20deg0-15deg1-10deg2_12	100	100	UBQLN3	0.479592	0.000000	7.437300	0.319358	0.479592	0.000000	0.000000	1.000000	0.000000	0.000000	0
20deg0-15deg1-10deg2_13	1000	100	MYO16	0.520408	0.000000	15.573744	0.217150	0.520408	0.000000	1.000000	0.000000	0.000000	0.000000	0
20deg0-15deg1-10deg2_16	1000	1000	UBQLN3	0.479592	0.000000	7.454996	0.320123	0.479592	0.000000	0.000000	1.000000	0.000000	0.000000	0
20deg0-15deg1-10deg2_17	10000	1000	UBQLN3	0.479592	0.000000	7.454996	0.320123	0.479592	0.000000	0.000000	1.000000	0.000000	0.000000	0
20deg0-15deg1-10deg2_18	100000	1000	MYO16	0.520408	0.000000	15.588986	0.212134	0.520408	0.000000	1.000000	0.000000	0.000000	0.000000	0
20deg0-15deg1-10deg2_20	100000	10000	UBQLN3	0.479592	0.000000	7.455177	0.320132	0.479592	0.000000	0.000000	1.000000	0.000000	0.000000	0
20deg0-15deg1-10deg2_21	100000	100000	AMACR;HSP90AA1	0.479592	0.000000	0.698320	0.000095	0.479592	0.000000	0.000000	1.000000	0.000000	0.000000	0
20deg0-15deg1-5deg2_1	1	1	SLC8A2	0.479592	0.000000	0.714827	0.000412	0.479592	0.000000	0.000000	1.000000	0.000000	0.000000	0
20deg0-15deg1-5deg2_7	10	10	CYP3A4	0.520408	0.000000	13.581802	0.468829	0.520408	0.000000	1.000000	0.000000	0.000000	0.000000	0
20deg0-15deg1-5deg2_8	100	10	WNT1	0.479592	0.000000	2.664643	0.249793	0.479592	0.000000	0.000000	1.000000	0.000000	0.000000	0
20deg0-15deg1-5deg2_19	10000	10000	ADH1B	0.520408	0.000000	12.146244	0.402867	0.520408	0.000000	1.000000	0.000000	0.000000	0.000000	0
20deg0-20deg1-0deg2_7	10	10	UBQLN3	0.479592	0.000000	5.888975	0.252558	0.479592	0.000000	0.000000	1.000000	0.000000	0.000000	0
20deg0-20deg1-0deg2_8	100	10	UBQLN3	0.479592	0.000000	6.463756	0.064500	0.479592	0.000000	0.000000	1.000000	0.000000	0.000000	0
20deg0-20deg1-0deg2_9	1000	10	TRPC6	0.479592	0.000000	3.082903	0.057183	0.479592	0.000000	0.000000	1.000000	0.000000	0.000000	0
20deg0-20deg1-0deg2_10	10000	10	TRPC6	0.479592	0.000000	1.949409	0.072494	0.479592	0.000000	0.000000	1.000000	0.000000	0.000000	0
20deg0-20deg1-0deg2_11	100000	10	TRPC6	0.520408	0.000000	4.590917	0.534566	0.520408	0.000000	1.000000	0.000000	0.000000	0.000000	0
20deg0-20deg1-0deg2_12	100	100	ARPC5L	0.520408	0.000000	12.487067	0.268096	0.520408	0.000000	1.000000	0.000000	0.000000	0.000000	0
20deg0-20deg1-0deg2_13	1000	100	ARPC5L	0.520408	0.000000	12.487067	0.268096	0.520408	0.000000	1.000000	0.000000	0.000000	0.000000	0
20deg0-20deg1-0deg2_14	10000	100	UBQLN3	0.479592	0.000000	8.203015	0.082491	0.479592	0.000000	0.000000	1.000000	0.000000	0.000000	0
20deg0-20deg1-0deg2_15	100000	100	UBQLN3	0.479592	0.000000	7.494704	0.120773	0.479592	0.000000	0.000000	1.000000	0.000000	0.000000	0
20deg0-20deg1-0deg2_16	1000	1000	ARPC5L	0.520408	0.000000	12.558410	0.268867	0.520408	0.000000	1.000000	0.000000	0.000000	0.000000	0
20deg0-20deg1-0deg2_17	10000	1000	ARPC5L	0.520408	0.000000	12.558410	0.268867	0.520408	0.000000	1.000000	0.000000	0.000000	0.000000	0
20deg0-20deg1-0deg2_18	100000	1000	ARPC5L	0.520408	0.000000	12.558410	0.268867	0.520408	0.000000	1.000000	0.000000	0.000000	0.000000	0
20deg0-20deg1-0deg2_19	10000	10000	ARPC5L	0.520408	0.000000	12.559121	0.268874	0.520408	0.000000	1.000000	0.000000	0.000000	0.000000	0
20deg0-20deg1-0deg2_20	100000	10000	ARPC5L	0.520408	0.000000	12.559121	0.268874	0.520408	0.000000	1.000000	0.000000	0.000000	0.000000	0
20deg0-20deg1-10deg2_1	1	1	PF4V1	0.479592	0.000000	0.709875	0.000307	0.479592	0.000000	0.000000	1.000000	0.000000	0.000000	0
20deg0-20deg1-10deg2_2	10	1	PF4V1	0.479592	0.000000	1.043580	0.017108	0.479592	0.000000	0.000000	1.000000	0.000000	0.000000	0
20deg0-20deg1-10deg2_13	1000	100	SSTR4	0.479592	0.000000	2.528823	0.421644	0.479592	0.000000	0.000000	1.000000	0.000000	0.000000	0
20deg0-20deg1-10deg2_15	100000	100	CCL2	0.520408	0.000000	0.765568	0.014594	0.520408	0.000000	1.000000	0.000000	0.000000	0.000000	0
20deg0-20deg1-10deg2_16	1000	1000	HSP90AA1	0.520408	0.000000	3.708081	0.241967	0.520408	0.000000	1.000000	0.000000	0.000000	0.000000	0
20deg0-20deg1-10deg2_18	100000	1000	SSTR4	0.479592	0.000000	2.534640	0.422607	0.479592	0.000000	0.000000	1.000000	0.000000	0.000000	0
20deg0-20deg1-10deg2_20	100000	10000	HSP90AA1	0.520408	0.000000	3.708748	0.242010	0.520408	0.000000	1.000000	0.000000	0.000000	0.000000	0
20deg0-20deg1-5deg2_2	10	1	FGR	0.520408	0.000000	0.713967	0.005924	0.520408	0.000000	1.000000	0.000000	0.000000	0.000000	0
20deg0-20deg1-5deg2_3	100	1	FGR	0.520408	0.000000	1.155791	0.086494	0.520408	0.000000	1.000000	0.000000	0.000000	0.000000	0
20deg0-20deg1-5deg2_8	100	10	TNFSF10	0.520408	0.000000	0.831908	0.022805	0.520408	0.000000	1.000000	0.000000	0.000000	0.000000	0
20deg0-20deg1-5deg2_9	1000	10	CXCL13	0.479592	0.000000	4.030056	0.105520	0.479592	0.000000	0.000000	1.000000	0.000000	0.000000	0
20deg0-20deg1-5deg2_10	10000	10	PABPN1	0.520408	0.000000	16.360843	0.000000	0.520408	0.000000	1.000000	0.000000	0.000000	0.000000	0
20deg0-20deg1-5deg2_11	100000	10	PTPRR	0.520408	0.000000	5.605912	0.974967	0.520408	0.000000	1.000000	0.000000	0.000000	0.000000	0
20deg0-20deg1-5deg2_13	1000	100	KCNA1	0.520408	0.000000	16.360843	0.000000	0.520408	0.000000	1.000000	0.000000	0.000000	0.000000	0
20deg0-20deg1-5deg2_14	10000	100	ITPR3	0.520408	0.000000	3.174520	0.169893	0.520408	0.000000	1.000000	0.000000	0.000000	0.000000	0
20deg0-20deg1-5deg2_18	100000	1000	KCNA1	0.520408	0.000000	16.360843	0.000000	0.520408	0.000000	1.000000	0.000000	0.000000	0.000000	0
20deg0-5deg1-0deg2_7	10	10	FGF22	0.479592	0.000000	3.852378	0.235476	0.479592	0.000000	0.000000	1.000000	0.000000	0.000000	0
20deg0-5deg1-0deg2_9	1000	10	ATP1B2	0.479592	0.000000	1.050471	0.034336	0.479592	0.000000	0.000000	1.000000	0.000000	0.000000	0
20deg0-5deg1-0deg2_15	100000	100	PTGER1	0.479592	0.000000	2.195347	0.116397	0.479592	0.000000	0.000000	1.000000	0.000000	0.000000	0
20deg0-5deg1-0deg2_21	100000	100000	CDK2	0.520408	0.000000	10.431493	0.286382	0.520408	0.000000	1.000000	0.000000	0.000000	0.000000	0
20deg0-5deg1-10deg2_1	1	1	ID4	0.479592	0.000000	0.697068	0.001075	0.479592	0.000000	0.000000	1.000000	0.000000	0.000000	0
20deg0-5deg1-10deg2_2	10	1	SEC14L4	0.479592	0.000000	0.697726	0.001426	0.479592	0.000000	0.000000	1.000000	0.000000	0.000000	0
20deg0-5deg1-10deg2_7	10	10	EWSR1	0.520408	0.000000	4.198006	0.134178	0.520408	0.000000	1.000000	0.000000	0.000000	0.000000	0
20deg0-5deg1-10deg2_13	1000	100	TLE4	0.479592	0.000000	0.820446	0.018135	0.479592	0.000000	0.000000	1.000000	0.000000	0.000000	0
20deg0-5deg1-10deg2_18	100000	1000	TLE4	0.479592	0.000000	0.821071	0.018202	0.479592	0.000000	0.000000	1.000000	0.000000	0.000000	0
20deg0-5deg1-5deg2_2	10	1	SLC25A1	0.520408	0.000000	0.700305	0.002924	0.520408	0.000000	1.000000	0.000000	0.000000	0.000000	0
20deg0-5deg1-5deg2_3	100	1	SLC25A1	0.520408	0.000000	0.772576	0.015145	0.520408	0.000000	1.000000	0.000000	0.000000	0.000000	0
20deg0-5deg1-5deg2_9	1000	10	PTGER1	0.479592	0.000000	2.074470	0.110538	0.479592	0.000000	0.000000	1.000000	0.000000	0.000000	0
20deg0-5deg1-5deg2_11	100000	10	STXBP2;DNM3	0.500000	0.006803	0.728721	0.018813	0.500000	0.006803	0.500000	0.500000	0.024823	0.009804	0
20deg0-5deg1-5deg2_15	100000	100	PTGER1	0.479592	0.000000	2.195347	0.116397	0.479592	0.000000	0.000000	1.000000	0.000000	0.000000	0
20deg0-5deg1-5deg2_21	100000	100000	CARD9	0.479592	0.000000	6.675624	0.108062	0.479592	0.000000	0.000000	1.000000	0.000000	0.000000	0
25deg0-0deg1-0deg2_2	10	1	POLQ	0.479592	0.000000	0.698150	0.001549	0.479592	0.000000	0.000000	1.000000	0.000000	0.000000	0
25deg0-0deg1-0deg2_4	1000	1	POLQ	0.520408	0.000000	1.217885	0.081391	0.520408	0.000000	1.000000	0.000000	0.000000	0.000000	0
25deg0-0deg1-0deg2_5	10000	1	POLQ	0.520408	0.000000	2.498147	0.353474	0.520408	0.000000	1.000000	0.000000	0.000000	0.000000	0
25deg0-0deg1-0deg2_8	100	10	TNFSF10	0.520408	0.000000	0.831908	0.022805	0.520408	0.000000	1.000000	0.000000	0.000000	0.000000	0
25deg0-0deg1-0deg2_9	1000	10	TNFSF10	0.520408	0.000000	1.242751	0.135775	0.520408	0.000000	1.000000	0.000000	0.000000	0.000000	0
25deg0-0deg1-0deg2_11	100000	10	ACTG2	0.520408	0.000000	1.742302	0.275488	0.520408	0.000000	1.000000	0.000000	0.000000	0.000000	0
25deg0-0deg1-0deg2_12	100	100	POLQ	0.520408	0.000000	2.967816	0.455853	0.520408	0.000000	1.000000	0.000000	0.000000	0.000000	0
25deg0-0deg1-0deg2_16	1000	1000	POLQ	0.520408	0.000000	2.980402	0.457952	0.520408	0.000000	1.000000	0.000000	0.000000	0.000000	0
25deg0-0deg1-0deg2_17	10000	1000	POLQ	0.520408	0.000000	2.980402	0.457952	0.520408	0.000000	1.000000	0.000000	0.000000	0.000000	0
25deg0-0deg1-0deg2_20	100000	10000	POLQ	0.520408	0.000000	2.980528	0.457973	0.520408	0.000000	1.000000	0.000000	0.000000	0.000000	0
25deg0-0deg1-10deg2_1	1	1	DNM3	0.479592	0.000000	0.733209	0.003967	0.479592	0.000000	0.000000	1.000000	0.000000	0.000000	0
25deg0-0deg1-10deg2_5	10000	1	DNM3	0.479592	0.000000	2.166041	0.053707	0.479592	0.000000	0.000000	1.000000	0.000000	0.000000	0
25deg0-0deg1-10deg2_15	100000	100	PRMT1	0.520408	0.000000	4.233310	0.162492	0.520408	0.000000	1.000000	0.000000	0.000000	0.000000	0
25deg0-0deg1-5deg2_5	10000	1	NHLH2;SERINC2;UBQLN3	0.479592	0.000000	0.693493	0.000095	0.479592	0.000000	0.000000	1.000000	0.000000	0.000000	0
25deg0-0deg1-5deg2_13	1000	100	EWSR1	0.520408	0.000000	10.702162	0.335059	0.520408	0.000000	1.000000	0.000000	0.000000	0.000000	0
25deg0-0deg1-5deg2_18	100000	1000	EWSR1	0.520408	0.000000	10.803282	0.338154	0.520408	0.000000	1.000000	0.000000	0.000000	0.000000	0
25deg0-0deg1-5deg2_19	10000	10000	TP53	0.520408	0.000000	0.726069	0.006933	0.520408	0.000000	1.000000	0.000000	0.000000	0.000000	0
25deg0-10deg1-0deg2_1	1	1	CYP3A4	0.479592	0.000000	0.713220	0.001392	0.479592	0.000000	0.000000	1.000000	0.000000	0.000000	0
25deg0-10deg1-0deg2_2	10	1	CYP3A4	0.479592	0.000000	0.835143	0.004669	0.479592	0.000000	0.000000	1.000000	0.000000	0.000000	0
25deg0-10deg1-0deg2_7	10	10	LAMA2	0.479592	0.000000	0.940316	0.020735	0.479592	0.000000	0.000000	1.000000	0.000000	0.000000	0
25deg0-10deg1-0deg2_14	10000	100	TP53	0.520408	0.000000	1.504876	0.150896	0.520408	0.000000	1.000000	0.000000	0.000000	0.000000	0
25deg0-10deg1-0deg2_15	100000	100	TP53	0.520408	0.000000	4.855289	0.578166	0.520408	0.000000	1.000000	0.000000	0.000000	0.000000	0
25deg0-10deg1-10deg2_9	1000	10	AQP7	0.520408	0.000000	7.935654	0.204129	0.520408	0.000000	1.000000	0.000000	0.000000	0.000000	0
25deg0-10deg1-10deg2_10	10000	10	AQP7	0.520408	0.000000	7.496654	0.139258	0.520408	0.000000	1.000000	0.000000	0.000000	0.000000	0
25deg0-10deg1-10deg2_11	100000	10	AMACR	0.479592	0.000000	10.090202	0.626515	0.479592	0.000000	0.000000	1.000000	0.000000	0.000000	0
25deg0-10deg1-10deg2_12	100	100	TNFSF10	0.479592	0.000000	0.802899	0.029380	0.479592	0.000000	0.000000	1.000000	0.000000	0.000000	0
25deg0-10deg1-10deg2_14	10000	100	TNFSF10	0.500000	0.006803	0.737374	0.011900	0.500000	0.006803	0.500000	0.500000	0.166667	0.166667	0
25deg0-10deg1-10deg2_16	1000	1000	TNFSF10	0.479592	0.000000	0.804392	0.029773	0.479592	0.000000	0.000000	1.000000	0.000000	0.000000	0
25deg0-10deg1-10deg2_17	10000	1000	TNFSF10	0.479592	0.000000	0.804392	0.029773	0.479592	0.000000	0.000000	1.000000	0.000000	0.000000	0
25deg0-10deg1-10deg2_20	100000	10000	TNFSF10	0.479592	0.000000	0.804407	0.029777	0.479592	0.000000	0.000000	1.000000	0.000000	0.000000	0
25deg0-10deg1-5deg2_1	1	1	CALCA	0.479592	0.000000	0.692345	0.000012	0.479592	0.000000	0.000000	1.000000	0.000000	0.000000	0
25deg0-10deg1-5deg2_2	10	1	ITPR3	0.520408	0.000000	0.700861	0.002054	0.520408	0.000000	1.000000	0.000000	0.000000	0.000000	0
25deg0-10deg1-5deg2_3	100	1	ITPR3	0.500000	0.006803	0.694934	0.000813	0.500000	0.006803	0.500000	0.500000	0.166667	0.166667	0
25deg0-10deg1-5deg2_6	100000	1	CYP3A4	0.479592	0.000000	7.883488	0.109251	0.479592	0.000000	0.000000	1.000000	0.000000	0.000000	0
25deg0-10deg1-5deg2_8	100	10	KCNA1	0.520408	0.000000	16.360843	0.000000	0.520408	0.000000	1.000000	0.000000	0.000000	0.000000	0
25deg0-10deg1-5deg2_10	10000	10	ITPR3	0.520408	0.000000	9.649203	1.213672	0.520408	0.000000	1.000000	0.000000	0.000000	0.000000	0
25deg0-10deg1-5deg2_11	100000	10	ITPR3	0.520408	0.000000	12.096266	1.467755	0.520408	0.000000	1.000000	0.000000	0.000000	0.000000	0
25deg0-10deg1-5deg2_13	1000	100	KCNA1	0.520408	0.000000	16.360843	0.000000	0.520408	0.000000	1.000000	0.000000	0.000000	0.000000	0
25deg0-10deg1-5deg2_14	10000	100	KCNA1	0.520408	0.000000	16.360843	0.000000	0.520408	0.000000	1.000000	0.000000	0.000000	0.000000	0
25deg0-10deg1-5deg2_15	100000	100	KCNA1	0.520408	0.000000	16.360843	0.000000	0.520408	0.000000	1.000000	0.000000	0.000000	0.000000	0
25deg0-10deg1-5deg2_18	100000	1000	KCNA1	0.520408	0.000000	16.360843	0.000000	0.520408	0.000000	1.000000	0.000000	0.000000	0.000000	0
25deg0-15deg1-0deg2_7	10	10	EWSR1	0.520408	0.000000	4.198006	0.134178	0.520408	0.000000	1.000000	0.000000	0.000000	0.000000	0
25deg0-15deg1-0deg2_9	1000	10	TRPC6	0.479592	0.000000	3.082903	0.057183	0.479592	0.000000	0.000000	1.000000	0.000000	0.000000	0
25deg0-15deg1-0deg2_11	100000	10	GPR68	0.520408	0.000000	15.638053	0.112728	0.520408	0.000000	1.000000	0.000000	0.000000	0.000000	0
25deg0-15deg1-0deg2_12	100	100	TRPC6	0.479592	0.000000	2.698199	0.195221	0.479592	0.000000	0.000000	1.000000	0.000000	0.000000	0
25deg0-15deg1-0deg2_13	1000	100	TRPC6	0.479592	0.000000	2.698199	0.195221	0.479592	0.000000	0.000000	1.000000	0.000000	0.000000	0
25deg0-15deg1-0deg2_14	10000	100	TP53	0.520408	0.000000	1.504876	0.150896	0.520408	0.000000	1.000000	0.000000	0.000000	0.000000	0
25deg0-15deg1-0deg2_16	1000	1000	TRPC6	0.479592	0.000000	2.703664	0.195640	0.479592	0.000000	0.000000	1.000000	0.000000	0.000000	0
25deg0-15deg1-0deg2_17	10000	1000	TRPC6	0.479592	0.000000	2.703664	0.195640	0.479592	0.000000	0.000000	1.000000	0.000000	0.000000	0
25deg0-15deg1-0deg2_18	100000	1000	TRPC6	0.479592	0.000000	2.703664	0.195640	0.479592	0.000000	0.000000	1.000000	0.000000	0.000000	0
25deg0-15deg1-0deg2_20	100000	10000	TRPC6	0.479592	0.000000	2.703718	0.195644	0.479592	0.000000	0.000000	1.000000	0.000000	0.000000	0
25deg0-15deg1-10deg2_1	1	1	CEP152	0.479592	0.000000	0.695841	0.000350	0.479592	0.000000	0.000000	1.000000	0.000000	0.000000	0
25deg0-15deg1-10deg2_2	10	1	SLC16A7	0.520408	0.000000	0.693395	0.000703	0.520408	0.000000	1.000000	0.000000	0.000000	0.000000	0
25deg0-15deg1-10deg2_3	100	1	CEP152	0.479592	0.000000	0.748517	0.018422	0.479592	0.000000	0.000000	1.000000	0.000000	0.000000	0
25deg0-15deg1-10deg2_8	100	10	SCN1B	0.479592	0.000000	1.975449	0.106321	0.479592	0.000000	0.000000	1.000000	0.000000	0.000000	0
25deg0-15deg1-10deg2_9	1000	10	SRRM1	0.520408	0.000000	3.494292	0.082195	0.520408	0.000000	1.000000	0.000000	0.000000	0.000000	0
25deg0-15deg1-10deg2_12	100	100	HSP90AA1	0.520408	0.000000	3.641930	0.237726	0.520408	0.000000	1.000000	0.000000	0.000000	0.000000	0
25deg0-15deg1-10deg2_13	1000	100	HSP90AA1	0.520408	0.000000	3.641930	0.237726	0.520408	0.000000	1.000000	0.000000	0.000000	0.000000	0
25deg0-15deg1-10deg2_14	10000	100	SRRM1	0.520408	0.000000	12.285428	0.202005	0.520408	0.000000	1.000000	0.000000	0.000000	0.000000	0
25deg0-15deg1-10deg2_15	100000	100	SRRM1	0.520408	0.000000	10.402527	0.242820	0.520408	0.000000	1.000000	0.000000	0.000000	0.000000	0
25deg0-15deg1-10deg2_16	1000	1000	HSP90AA1	0.520408	0.000000	3.708081	0.241967	0.520408	0.000000	1.000000	0.000000	0.000000	0.000000	0
25deg0-15deg1-10deg2_17	10000	1000	HSP90AA1	0.520408	0.000000	3.708081	0.241967	0.520408	0.000000	1.000000	0.000000	0.000000	0.000000	0
25deg0-15deg1-10deg2_18	100000	1000	HSP90AA1	0.520408	0.000000	3.708081	0.241967	0.520408	0.000000	1.000000	0.000000	0.000000	0.000000	0
25deg0-15deg1-10deg2_20	100000	10000	HSP90AA1	0.520408	0.000000	3.708748	0.242010	0.520408	0.000000	1.000000	0.000000	0.000000	0.000000	0
25deg0-15deg1-10deg2_21	100000	100000	UBQLN3	0.479592	0.000000	7.455159	0.320128	0.479592	0.000000	0.000000	1.000000	0.000000	0.000000	0
25deg0-15deg1-5deg2_1	1	1	HRG	0.520408	0.000000	0.701268	0.001294	0.520408	0.000000	1.000000	0.000000	0.000000	0.000000	0
25deg0-15deg1-5deg2_2	10	1	TNS1	0.520408	0.000000	0.773203	0.027349	0.520408	0.000000	1.000000	0.000000	0.000000	0.000000	0
25deg0-15deg1-5deg2_3	100	1	TNS1	0.520408	0.000000	0.890958	0.040352	0.520408	0.000000	1.000000	0.000000	0.000000	0.000000	0
25deg0-15deg1-5deg2_7	10	10	GNG3	0.520408	0.000000	2.251449	0.272849	0.520408	0.000000	1.000000	0.000000	0.000000	0.000000	0
25deg0-15deg1-5deg2_8	100	10	ELF3	0.520408	0.000000	3.424260	0.092645	0.520408	0.000000	1.000000	0.000000	0.000000	0.000000	0
25deg0-15deg1-5deg2_14	10000	100	CALML3	0.479592	0.000000	6.312875	0.992159	0.479592	0.000000	0.000000	1.000000	0.000000	0.000000	0
25deg0-20deg1-0deg2_5	10000	1	KIAA0922	0.520408	0.000000	0.703917	0.001622	0.520408	0.000000	1.000000	0.000000	0.000000	0.000000	0
25deg0-20deg1-0deg2_10	10000	10	GLTSCR2	0.479592	0.000000	12.810653	0.638415	0.479592	0.000000	0.000000	1.000000	0.000000	0.000000	0
25deg0-20deg1-0deg2_19	10000	10000	GPR68	0.520408	0.000000	7.605670	0.314625	0.520408	0.000000	1.000000	0.000000	0.000000	0.000000	0
25deg0-20deg1-10deg2_1	1	1	CCL2	0.520408	0.000000	0.725013	0.014674	0.520408	0.000000	1.000000	0.000000	0.000000	0.000000	0
25deg0-20deg1-10deg2_2	10	1	DPPA4	0.479592	0.000000	0.713228	0.002606	0.479592	0.000000	0.000000	1.000000	0.000000	0.000000	0
25deg0-20deg1-10deg2_8	100	10	ACTA2	0.479592	0.000000	0.897542	0.052153	0.479592	0.000000	0.000000	1.000000	0.000000	0.000000	0
25deg0-20deg1-10deg2_9	1000	10	KIAA0922	0.520408	0.000000	2.824165	0.046717	0.520408	0.000000	1.000000	0.000000	0.000000	0.000000	0
25deg0-20deg1-10deg2_10	10000	10	ID4	0.479592	0.000000	2.721528	0.571223	0.479592	0.000000	0.000000	1.000000	0.000000	0.000000	0
25deg0-20deg1-10deg2_12	100	100	POLQ	0.520408	0.000000	2.967816	0.455853	0.520408	0.000000	1.000000	0.000000	0.000000	0.000000	0
25deg0-20deg1-10deg2_13	1000	100	POLQ	0.520408	0.000000	2.967816	0.455853	0.520408	0.000000	1.000000	0.000000	0.000000	0.000000	0
25deg0-20deg1-10deg2_17	10000	1000	POLQ	0.520408	0.000000	2.980402	0.457952	0.520408	0.000000	1.000000	0.000000	0.000000	0.000000	0
25deg0-20deg1-10deg2_18	100000	1000	POLQ	0.520408	0.000000	2.980402	0.457952	0.520408	0.000000	1.000000	0.000000	0.000000	0.000000	0
25deg0-20deg1-10deg2_19	10000	10000	UBQLN3	0.479592	0.000000	7.455176	0.320132	0.479592	0.000000	0.000000	1.000000	0.000000	0.000000	0
25deg0-20deg1-5deg2_1	1	1	DTNA	0.520408	0.000000	0.695383	0.000533	0.520408	0.000000	1.000000	0.000000	0.000000	0.000000	0
25deg0-20deg1-5deg2_2	10	1	TRPC6	0.520408	0.000000	0.713297	0.002696	0.520408	0.000000	1.000000	0.000000	0.000000	0.000000	0
25deg0-20deg1-5deg2_21	100000	100000	RYR1;HRG	0.479592	0.000000	0.694983	0.000024	0.479592	0.000000	0.000000	1.000000	0.000000	0.000000	0
25deg0-5deg1-0deg2_1	1	1	SCN2A	0.520408	0.000000	0.948768	0.078571	0.520408	0.000000	1.000000	0.000000	0.000000	0.000000	0
25deg0-5deg1-0deg2_2	10	1	ELF3	0.520408	0.000000	0.706803	0.001000	0.520408	0.000000	1.000000	0.000000	0.000000	0.000000	0
25deg0-5deg1-0deg2_4	1000	1	TP53;TLE4	0.500000	0.020408	1.452876	0.732633	0.500000	0.020408	0.500000	0.500000	0.024823	0.016340	0
25deg0-5deg1-0deg2_7	10	10	LAMA2	0.479592	0.000000	0.940316	0.020735	0.479592	0.000000	0.000000	1.000000	0.000000	0.000000	0
25deg0-5deg1-0deg2_8	100	10	LAMA2	0.479592	0.000000	0.846169	0.039305	0.479592	0.000000	0.000000	1.000000	0.000000	0.000000	0
25deg0-5deg1-0deg2_9	1000	10	SSTR4	0.479592	0.000000	7.821546	1.376689	0.479592	0.000000	0.000000	1.000000	0.000000	0.000000	0
25deg0-5deg1-0deg2_11	100000	10	SSTR4	0.520408	0.000000	14.902640	0.423502	0.520408	0.000000	1.000000	0.000000	0.000000	0.000000	0
25deg0-5deg1-0deg2_12	100	100	EWSR1	0.520408	0.000000	10.628486	0.383465	0.520408	0.000000	1.000000	0.000000	0.000000	0.000000	0
25deg0-5deg1-0deg2_13	1000	100	EWSR1	0.520408	0.000000	10.702162	0.335059	0.520408	0.000000	1.000000	0.000000	0.000000	0.000000	0
25deg0-5deg1-0deg2_16	1000	1000	CYP3A4	0.520408	0.000000	15.691096	0.237039	0.520408	0.000000	1.000000	0.000000	0.000000	0.000000	0
25deg0-5deg1-0deg2_17	10000	1000	EWSR1	0.520408	0.000000	10.728782	0.387092	0.520408	0.000000	1.000000	0.000000	0.000000	0.000000	0
25deg0-5deg1-0deg2_18	100000	1000	EWSR1	0.520408	0.000000	10.803282	0.338154	0.520408	0.000000	1.000000	0.000000	0.000000	0.000000	0
25deg0-5deg1-0deg2_20	100000	10000	EWSR1	0.520408	0.000000	10.729790	0.387128	0.520408	0.000000	1.000000	0.000000	0.000000	0.000000	0
25deg0-5deg1-10deg2_7	10	10	ACTG2	0.520408	0.000000	1.183577	0.051038	0.520408	0.000000	1.000000	0.000000	0.000000	0.000000	0
25deg0-5deg1-10deg2_8	100	10	PRMT1	0.520408	0.000000	2.172910	0.077906	0.520408	0.000000	1.000000	0.000000	0.000000	0.000000	0
25deg0-5deg1-10deg2_12	100	100	PRMT1	0.520408	0.000000	2.380468	0.397140	0.520408	0.000000	1.000000	0.000000	0.000000	0.000000	0
25deg0-5deg1-10deg2_13	1000	100	PRMT1	0.520408	0.000000	2.380468	0.397140	0.520408	0.000000	1.000000	0.000000	0.000000	0.000000	0
25deg0-5deg1-10deg2_14	10000	100	TNFSF10	0.500000	0.006803	0.737374	0.011900	0.500000	0.006803	0.500000	0.500000	0.166667	0.166667	0
25deg0-5deg1-10deg2_15	100000	100	ACTG2	0.520408	0.000000	1.830731	0.070861	0.520408	0.000000	1.000000	0.000000	0.000000	0.000000	0
25deg0-5deg1-10deg2_16	1000	1000	PRMT1	0.520408	0.000000	2.400136	0.401145	0.520408	0.000000	1.000000	0.000000	0.000000	0.000000	0
25deg0-5deg1-10deg2_17	10000	1000	PRMT1	0.520408	0.000000	2.400136	0.401145	0.520408	0.000000	1.000000	0.000000	0.000000	0.000000	0
25deg0-5deg1-10deg2_18	100000	1000	PRMT1	0.520408	0.000000	2.400136	0.401145	0.520408	0.000000	1.000000	0.000000	0.000000	0.000000	0
25deg0-5deg1-10deg2_20	100000	10000	PRMT1	0.520408	0.000000	2.400334	0.401186	0.520408	0.000000	1.000000	0.000000	0.000000	0.000000	0
25deg0-5deg1-5deg2_3	100	1	HRG	0.520408	0.000000	0.813259	0.026670	0.520408	0.000000	1.000000	0.000000	0.000000	0.000000	0
25deg0-5deg1-5deg2_4	1000	1	UCN	0.479592	0.000000	3.019589	0.054143	0.479592	0.000000	0.000000	1.000000	0.000000	0.000000	0
25deg0-5deg1-5deg2_9	1000	10	CYP3A4	0.520408	0.000000	13.418294	0.134409	0.520408	0.000000	1.000000	0.000000	0.000000	0.000000	0
25deg0-5deg1-5deg2_10	10000	10	LAP3	0.479592	0.000000	11.747759	0.559649	0.479592	0.000000	0.000000	1.000000	0.000000	0.000000	0
25deg0-5deg1-5deg2_11	100000	10	LAP3	0.479592	0.000000	16.551230	0.013285	0.479592	0.000000	0.000000	1.000000	0.000000	0.000000	0
25deg0-5deg1-5deg2_14	10000	100	ACTG2	0.520408	0.000000	1.764534	0.053017	0.520408	0.000000	1.000000	0.000000	0.000000	0.000000	0
25deg0-5deg1-5deg2_15	100000	100	ACTG2	0.520408	0.000000	1.830731	0.070861	0.520408	0.000000	1.000000	0.000000	0.000000	0.000000	0
25deg0-5deg1-5deg2_20	100000	10000	ACTG2	0.520408	0.000000	1.347174	0.099245	0.520408	0.000000	1.000000	0.000000	0.000000	0.000000	0
30deg0-0deg1-10deg2_1	1	1	PRMT1	0.520408	0.000000	0.749925	0.002635	0.520408	0.000000	1.000000	0.000000	0.000000	0.000000	0
30deg0-0deg1-10deg2_2	10	1	PRMT1	0.520408	0.000000	0.786547	0.005652	0.520408	0.000000	1.000000	0.000000	0.000000	0.000000	0
30deg0-0deg1-10deg2_7	10	10	CYP3A4	0.520408	0.000000	13.581802	0.468829	0.520408	0.000000	1.000000	0.000000	0.000000	0.000000	0
30deg0-0deg1-10deg2_8	100	10	CYP3A4	0.520408	0.000000	14.261567	0.260238	0.520408	0.000000	1.000000	0.000000	0.000000	0.000000	0
30deg0-0deg1-10deg2_9	1000	10	CYP3A4	0.520408	0.000000	13.418294	0.134409	0.520408	0.000000	1.000000	0.000000	0.000000	0.000000	0
30deg0-0deg1-10deg2_13	1000	100	TNFAIP8	0.520408	0.000000	2.464767	0.050031	0.520408	0.000000	1.000000	0.000000	0.000000	0.000000	0
30deg0-0deg1-10deg2_18	100000	1000	TNFAIP8	0.520408	0.000000	2.473428	0.050251	0.520408	0.000000	1.000000	0.000000	0.000000	0.000000	0
30deg0-0deg1-5deg2_1	1	1	EWSR1	0.479592	0.000000	0.712799	0.000951	0.479592	0.000000	0.000000	1.000000	0.000000	0.000000	0
30deg0-0deg1-5deg2_2	10	1	EWSR1	0.479592	0.000000	0.779208	0.007085	0.479592	0.000000	0.000000	1.000000	0.000000	0.000000	0
30deg0-0deg1-5deg2_3	100	1	EWSR1	0.479592	0.000000	0.938268	0.025347	0.479592	0.000000	0.000000	1.000000	0.000000	0.000000	0
30deg0-0deg1-5deg2_4	1000	1	SLC25A1	0.520408	0.000000	2.475466	0.327629	0.520408	0.000000	1.000000	0.000000	0.000000	0.000000	0
30deg0-0deg1-5deg2_10	10000	10	MED22	0.520408	0.000000	8.075460	0.603359	0.520408	0.000000	1.000000	0.000000	0.000000	0.000000	0
30deg0-0deg1-5deg2_11	100000	10	EWSR1	0.479592	0.000000	16.564515	0.000000	0.479592	0.000000	0.000000	1.000000	0.000000	0.000000	0
30deg0-0deg1-5deg2_12	100	100	EWSR1	0.520408	0.000000	10.628486	0.383465	0.520408	0.000000	1.000000	0.000000	0.000000	0.000000	0
30deg0-0deg1-5deg2_13	1000	100	EWSR1	0.520408	0.000000	10.702162	0.335059	0.520408	0.000000	1.000000	0.000000	0.000000	0.000000	0
30deg0-0deg1-5deg2_14	10000	100	EWSR1	0.520408	0.000000	11.237503	0.218496	0.520408	0.000000	1.000000	0.000000	0.000000	0.000000	0
30deg0-0deg1-5deg2_16	1000	1000	EWSR1	0.520408	0.000000	10.728782	0.387092	0.520408	0.000000	1.000000	0.000000	0.000000	0.000000	0
30deg0-0deg1-5deg2_17	10000	1000	EWSR1	0.520408	0.000000	10.728782	0.387092	0.520408	0.000000	1.000000	0.000000	0.000000	0.000000	0
30deg0-0deg1-5deg2_18	100000	1000	EWSR1	0.520408	0.000000	10.803282	0.338154	0.520408	0.000000	1.000000	0.000000	0.000000	0.000000	0
30deg0-0deg1-5deg2_20	100000	10000	EWSR1	0.520408	0.000000	10.729790	0.387128	0.520408	0.000000	1.000000	0.000000	0.000000	0.000000	0
30deg0-10deg1-0deg2_2	10	1	TRPC6	0.520408	0.000000	0.713297	0.002696	0.520408	0.000000	1.000000	0.000000	0.000000	0.000000	0
30deg0-10deg1-0deg2_3	100	1	GPR68	0.479592	0.000000	0.700701	0.002197	0.479592	0.000000	0.000000	1.000000	0.000000	0.000000	0
30deg0-10deg1-0deg2_13	1000	100	PABPN1	0.520408	0.000000	11.087484	0.154073	0.520408	0.000000	1.000000	0.000000	0.000000	0.000000	0
30deg0-10deg1-0deg2_15	100000	100	H1F0	0.520408	0.000000	2.137537	0.088264	0.520408	0.000000	1.000000	0.000000	0.000000	0.000000	0
30deg0-10deg1-0deg2_18	100000	1000	PABPN1	0.520408	0.000000	11.174657	0.155284	0.520408	0.000000	1.000000	0.000000	0.000000	0.000000	0
30deg0-10deg1-0deg2_21	100000	100000	H1F0	0.520408	0.000000	2.244122	0.185708	0.520408	0.000000	1.000000	0.000000	0.000000	0.000000	0
30deg0-10deg1-10deg2_1	1	1	RYR1	0.520408	0.000000	0.691922	0.000193	0.520408	0.000000	1.000000	0.000000	0.000000	0.000000	0
30deg0-10deg1-10deg2_2	10	1	PLA2G2E	0.520408	0.000000	1.532785	0.026206	0.520408	0.000000	1.000000	0.000000	0.000000	0.000000	0
30deg0-10deg1-10deg2_3	100	1	TP53;TLE4	0.500000	0.020408	1.513279	0.793033	0.500000	0.020408	0.500000	0.500000	0.024823	0.016340	0
30deg0-10deg1-10deg2_4	1000	1	TNFAIP8	0.520408	0.000000	0.699096	0.000948	0.520408	0.000000	1.000000	0.000000	0.000000	0.000000	0
30deg0-10deg1-10deg2_5	10000	1	TNFAIP8	0.479592	0.000000	0.703503	0.002183	0.479592	0.000000	0.000000	1.000000	0.000000	0.000000	0
30deg0-10deg1-10deg2_7	10	10	GNG3	0.520408	0.000000	2.251449	0.272849	0.520408	0.000000	1.000000	0.000000	0.000000	0.000000	0
30deg0-10deg1-10deg2_9	1000	10	MTCH1	0.520408	0.000000	2.798481	0.092939	0.520408	0.000000	1.000000	0.000000	0.000000	0.000000	0
30deg0-10deg1-10deg2_10	10000	10	DAPK2	0.520408	0.000000	5.568924	0.834399	0.520408	0.000000	1.000000	0.000000	0.000000	0.000000	0
30deg0-10deg1-10deg2_11	100000	10	DAPK2	0.520408	0.000000	5.599204	0.601045	0.520408	0.000000	1.000000	0.000000	0.000000	0.000000	0
30deg0-10deg1-10deg2_12	100	100	TNFSF10	0.479592	0.000000	0.802899	0.029380	0.479592	0.000000	0.000000	1.000000	0.000000	0.000000	0
30deg0-10deg1-10deg2_15	100000	100	GNG3	0.500000	0.006803	1.568703	0.231717	0.500000	0.006803	0.500000	0.500000	0.166667	0.166667	0
30deg0-10deg1-10deg2_16	1000	1000	MTCH1	0.520408	0.000000	13.425149	0.228838	0.520408	0.000000	1.000000	0.000000	0.000000	0.000000	0
30deg0-10deg1-10deg2_17	10000	1000	TNFSF10	0.479592	0.000000	0.804392	0.029773	0.479592	0.000000	0.000000	1.000000	0.000000	0.000000	0
30deg0-10deg1-10deg2_21	100000	100000	GNG3;MTCH1	0.479592	0.000000	0.682942	0.000247	0.479592	0.000000	0.000000	1.000000	0.000000	0.000000	0
30deg0-10deg1-5deg2_3	100	1	IL2RA	0.479592	0.000000	2.450437	0.105964	0.479592	0.000000	0.000000	1.000000	0.000000	0.000000	0
30deg0-10deg1-5deg2_9	1000	10	FXYD6	0.520408	0.000000	5.396815	0.089800	0.520408	0.000000	1.000000	0.000000	0.000000	0.000000	0
30deg0-10deg1-5deg2_10	10000	10	DTNA	0.520408	0.000000	5.177902	0.379667	0.520408	0.000000	1.000000	0.000000	0.000000	0.000000	0
30deg0-10deg1-5deg2_13	1000	100	HTR2A	0.500000	0.006803	0.964155	0.093493	0.500000	0.006803	0.500000	0.500000	0.166667	0.166667	0
30deg0-10deg1-5deg2_18	100000	1000	HTR2A	0.500000	0.006803	0.964957	0.093704	0.500000	0.006803	0.500000	0.500000	0.166667	0.166667	0
30deg0-15deg1-0deg2_2	10	1	CYP3A4	0.479592	0.000000	0.835143	0.004669	0.479592	0.000000	0.000000	1.000000	0.000000	0.000000	0
30deg0-15deg1-0deg2_3	100	1	CYP3A4	0.479592	0.000000	3.046002	0.133357	0.479592	0.000000	0.000000	1.000000	0.000000	0.000000	0
30deg0-15deg1-0deg2_7	10	10	MYO16	0.520408	0.000000	12.108633	0.761059	0.520408	0.000000	1.000000	0.000000	0.000000	0.000000	0
30deg0-15deg1-0deg2_8	100	10	MYO16	0.520408	0.000000	16.082438	0.003037	0.520408	0.000000	1.000000	0.000000	0.000000	0.000000	0
30deg0-15deg1-0deg2_9	1000	10	MYO16	0.520408	0.000000	16.090053	0.000844	0.520408	0.000000	1.000000	0.000000	0.000000	0.000000	0
30deg0-15deg1-0deg2_12	100	100	MYO16	0.520408	0.000000	15.573744	0.217150	0.520408	0.000000	1.000000	0.000000	0.000000	0.000000	0
30deg0-15deg1-0deg2_13	1000	100	MYO16	0.520408	0.000000	15.573744	0.217150	0.520408	0.000000	1.000000	0.000000	0.000000	0.000000	0
30deg0-15deg1-0deg2_14	10000	100	PRMT1	0.520408	0.000000	3.848606	0.150014	0.520408	0.000000	1.000000	0.000000	0.000000	0.000000	0
30deg0-15deg1-0deg2_15	100000	100	MYO16	0.520408	0.000000	16.090192	0.000847	0.520408	0.000000	1.000000	0.000000	0.000000	0.000000	0
30deg0-15deg1-0deg2_16	1000	1000	MYO16	0.520408	0.000000	15.588986	0.212134	0.520408	0.000000	1.000000	0.000000	0.000000	0.000000	0
30deg0-15deg1-0deg2_17	10000	1000	MYO16	0.520408	0.000000	15.588986	0.212134	0.520408	0.000000	1.000000	0.000000	0.000000	0.000000	0
30deg0-15deg1-0deg2_18	100000	1000	MYO16	0.520408	0.000000	15.588986	0.212134	0.520408	0.000000	1.000000	0.000000	0.000000	0.000000	0
30deg0-15deg1-0deg2_20	100000	10000	MYO16	0.520408	0.000000	15.589136	0.212083	0.520408	0.000000	1.000000	0.000000	0.000000	0.000000	0
30deg0-15deg1-10deg2_2	10	1	CYP3A4	0.479592	0.000000	0.835143	0.004669	0.479592	0.000000	0.000000	1.000000	0.000000	0.000000	0
30deg0-15deg1-10deg2_3	100	1	CYP3A4	0.479592	0.000000	3.046002	0.133357	0.479592	0.000000	0.000000	1.000000	0.000000	0.000000	0
30deg0-15deg1-10deg2_4	1000	1	POLQ	0.520408	0.000000	1.217885	0.081391	0.520408	0.000000	1.000000	0.000000	0.000000	0.000000	0
30deg0-15deg1-10deg2_8	100	10	WNT1	0.479592	0.000000	2.664643	0.249793	0.479592	0.000000	0.000000	1.000000	0.000000	0.000000	0
30deg0-15deg1-10deg2_9	1000	10	FGF22	0.479592	0.000000	2.599037	0.131494	0.479592	0.000000	0.000000	1.000000	0.000000	0.000000	0
30deg0-15deg1-10deg2_14	10000	100	NPY5R	0.479592	0.000000	1.262356	0.090811	0.479592	0.000000	0.000000	1.000000	0.000000	0.000000	0
30deg0-15deg1-5deg2_2	10	1	CYP3A4	0.479592	0.000000	0.835143	0.004669	0.479592	0.000000	0.000000	1.000000	0.000000	0.000000	0
30deg0-15deg1-5deg2_3	100	1	CYP3A4	0.479592	0.000000	3.046002	0.133357	0.479592	0.000000	0.000000	1.000000	0.000000	0.000000	0
30deg0-15deg1-5deg2_8	100	10	CALML3	0.479592	0.000000	4.242318	0.658430	0.479592	0.000000	0.000000	1.000000	0.000000	0.000000	0
30deg0-15deg1-5deg2_9	1000	10	CALML3	0.479592	0.000000	3.410068	0.596753	0.479592	0.000000	0.000000	1.000000	0.000000	0.000000	0
30deg0-15deg1-5deg2_10	10000	10	CALML3	0.479592	0.000000	3.777827	0.521560	0.479592	0.000000	0.000000	1.000000	0.000000	0.000000	0
30deg0-15deg1-5deg2_11	100000	10	CALML3	0.479592	0.000000	4.926276	0.431324	0.479592	0.000000	0.000000	1.000000	0.000000	0.000000	0
30deg0-15deg1-5deg2_12	100	100	TNFSF10	0.479592	0.000000	0.802899	0.029380	0.479592	0.000000	0.000000	1.000000	0.000000	0.000000	0
30deg0-15deg1-5deg2_13	1000	100	ARPC5L	0.520408	0.000000	12.487067	0.268096	0.520408	0.000000	1.000000	0.000000	0.000000	0.000000	0
30deg0-15deg1-5deg2_14	10000	100	CALCA	0.520408	0.000000	15.311988	0.249204	0.520408	0.000000	1.000000	0.000000	0.000000	0.000000	0
30deg0-15deg1-5deg2_15	100000	100	CCL2	0.520408	0.000000	0.765568	0.014594	0.520408	0.000000	1.000000	0.000000	0.000000	0.000000	0
30deg0-15deg1-5deg2_16	1000	1000	TNFSF10	0.479592	0.000000	0.804392	0.029773	0.479592	0.000000	0.000000	1.000000	0.000000	0.000000	0
30deg0-15deg1-5deg2_17	10000	1000	TNFSF10	0.479592	0.000000	0.804392	0.029773	0.479592	0.000000	0.000000	1.000000	0.000000	0.000000	0
30deg0-15deg1-5deg2_18	100000	1000	ARPC5L	0.520408	0.000000	12.558410	0.268867	0.520408	0.000000	1.000000	0.000000	0.000000	0.000000	0
30deg0-15deg1-5deg2_20	100000	10000	TNFSF10	0.479592	0.000000	0.804407	0.029777	0.479592	0.000000	0.000000	1.000000	0.000000	0.000000	0
30deg0-20deg1-0deg2_7	10	10	UBQLN3	0.479592	0.000000	5.888975	0.252558	0.479592	0.000000	0.000000	1.000000	0.000000	0.000000	0
30deg0-20deg1-0deg2_8	100	10	TP53	0.520408	0.000000	8.978032	1.330820	0.520408	0.000000	1.000000	0.000000	0.000000	0.000000	0
30deg0-20deg1-0deg2_11	100000	10	TNFSF10	0.520408	0.000000	10.321579	1.493706	0.520408	0.000000	1.000000	0.000000	0.000000	0.000000	0
30deg0-20deg1-0deg2_13	1000	100	LAMA2	0.479592	0.000000	1.194634	0.036610	0.479592	0.000000	0.000000	1.000000	0.000000	0.000000	0
30deg0-20deg1-0deg2_18	100000	1000	LAMA2	0.479592	0.000000	1.197885	0.036801	0.479592	0.000000	0.000000	1.000000	0.000000	0.000000	0
30deg0-20deg1-10deg2_2	10	1	SLC30A3	0.479592	0.000000	1.553794	0.128389	0.479592	0.000000	0.000000	1.000000	0.000000	0.000000	0
30deg0-20deg1-10deg2_3	100	1	TNFSF10	0.520408	0.000000	0.726925	0.012526	0.520408	0.000000	1.000000	0.000000	0.000000	0.000000	0
30deg0-20deg1-10deg2_4	1000	1	SERINC2	0.479592	0.000000	0.705723	0.004761	0.479592	0.000000	0.000000	1.000000	0.000000	0.000000	0
30deg0-20deg1-10deg2_8	100	10	TMEM57	0.520408	0.000000	2.783696	0.056515	0.520408	0.000000	1.000000	0.000000	0.000000	0.000000	0
30deg0-20deg1-10deg2_10	10000	10	HCN2	0.520408	0.000000	1.052004	0.038815	0.520408	0.000000	1.000000	0.000000	0.000000	0.000000	0
30deg0-20deg1-10deg2_11	100000	10	HCN2	0.479592	0.000000	9.488806	0.942574	0.479592	0.000000	0.000000	1.000000	0.000000	0.000000	0
30deg0-20deg1-10deg2_12	100	100	CDK2	0.520408	0.000000	10.343594	0.283962	0.520408	0.000000	1.000000	0.000000	0.000000	0.000000	0
30deg0-20deg1-10deg2_13	1000	100	CDK2	0.520408	0.000000	10.343594	0.283962	0.520408	0.000000	1.000000	0.000000	0.000000	0.000000	0
30deg0-20deg1-10deg2_14	10000	100	CDK2	0.520408	0.000000	10.524793	0.122570	0.520408	0.000000	1.000000	0.000000	0.000000	0.000000	0
30deg0-20deg1-10deg2_16	1000	1000	CDK2	0.520408	0.000000	10.430622	0.286359	0.520408	0.000000	1.000000	0.000000	0.000000	0.000000	0
30deg0-20deg1-10deg2_17	10000	1000	CDK2	0.520408	0.000000	10.430622	0.286359	0.520408	0.000000	1.000000	0.000000	0.000000	0.000000	0
30deg0-20deg1-10deg2_18	100000	1000	CDK2	0.520408	0.000000	10.430622	0.286359	0.520408	0.000000	1.000000	0.000000	0.000000	0.000000	0
30deg0-20deg1-10deg2_19	10000	10000	CDK2	0.520408	0.000000	10.431496	0.286383	0.520408	0.000000	1.000000	0.000000	0.000000	0.000000	0
30deg0-20deg1-10deg2_20	100000	10000	CDK2	0.520408	0.000000	10.431496	0.286383	0.520408	0.000000	1.000000	0.000000	0.000000	0.000000	0
30deg0-20deg1-5deg2_3	100	1	FXYD6	0.520408	0.000000	0.703343	0.001578	0.520408	0.000000	1.000000	0.000000	0.000000	0.000000	0
30deg0-20deg1-5deg2_7	10	10	EWSR1	0.520408	0.000000	4.198006	0.134178	0.520408	0.000000	1.000000	0.000000	0.000000	0.000000	0
30deg0-20deg1-5deg2_8	100	10	TNFSF10	0.520408	0.000000	0.831908	0.022805	0.520408	0.000000	1.000000	0.000000	0.000000	0.000000	0
30deg0-20deg1-5deg2_9	1000	10	TNFSF10	0.520408	0.000000	1.242751	0.135775	0.520408	0.000000	1.000000	0.000000	0.000000	0.000000	0
30deg0-20deg1-5deg2_10	10000	10	TNFSF10	0.520408	0.000000	4.900419	0.975362	0.520408	0.000000	1.000000	0.000000	0.000000	0.000000	0
30deg0-20deg1-5deg2_12	100	100	TNFSF10	0.479592	0.000000	0.802899	0.029380	0.479592	0.000000	0.000000	1.000000	0.000000	0.000000	0
30deg0-20deg1-5deg2_13	1000	100	ACTG2	0.520408	0.000000	1.673714	0.097275	0.520408	0.000000	1.000000	0.000000	0.000000	0.000000	0
30deg0-20deg1-5deg2_14	10000	100	TNFSF10	0.500000	0.006803	0.737374	0.011900	0.500000	0.006803	0.500000	0.500000	0.166667	0.166667	0
30deg0-20deg1-5deg2_18	100000	1000	ACTG2	0.520408	0.000000	1.680034	0.097827	0.520408	0.000000	1.000000	0.000000	0.000000	0.000000	0
30deg0-20deg1-5deg2_21	100000	100000	CREB1	0.520408	0.000000	7.291632	0.365012	0.520408	0.000000	1.000000	0.000000	0.000000	0.000000	0
30deg0-5deg1-0deg2_7	10	10	ACTG2	0.520408	0.000000	1.183577	0.051038	0.520408	0.000000	1.000000	0.000000	0.000000	0.000000	0
30deg0-5deg1-0deg2_8	100	10	ACTG2	0.520408	0.000000	1.555546	0.042314	0.520408	0.000000	1.000000	0.000000	0.000000	0.000000	0
30deg0-5deg1-0deg2_9	1000	10	ACTG2	0.520408	0.000000	0.966230	0.057290	0.520408	0.000000	1.000000	0.000000	0.000000	0.000000	0
30deg0-5deg1-0deg2_12	100	100	LAMA2	0.479592	0.000000	0.870624	0.056392	0.479592	0.000000	0.000000	1.000000	0.000000	0.000000	0
30deg0-5deg1-0deg2_13	1000	100	LAMA2	0.479592	0.000000	1.194634	0.036610	0.479592	0.000000	0.000000	1.000000	0.000000	0.000000	0
30deg0-5deg1-0deg2_14	10000	100	PRMT1	0.520408	0.000000	3.848606	0.150014	0.520408	0.000000	1.000000	0.000000	0.000000	0.000000	0
30deg0-5deg1-0deg2_15	100000	100	ACTG2	0.520408	0.000000	1.830731	0.070861	0.520408	0.000000	1.000000	0.000000	0.000000	0.000000	0
30deg0-5deg1-0deg2_16	1000	1000	LAMA2	0.479592	0.000000	0.872067	0.056791	0.479592	0.000000	0.000000	1.000000	0.000000	0.000000	0
30deg0-5deg1-0deg2_17	10000	1000	LAMA2	0.479592	0.000000	0.872067	0.056791	0.479592	0.000000	0.000000	1.000000	0.000000	0.000000	0
30deg0-5deg1-0deg2_18	100000	1000	LAMA2	0.479592	0.000000	1.197885	0.036801	0.479592	0.000000	0.000000	1.000000	0.000000	0.000000	0
30deg0-5deg1-0deg2_20	100000	10000	LAMA2	0.479592	0.000000	0.872082	0.056795	0.479592	0.000000	0.000000	1.000000	0.000000	0.000000	0
30deg0-5deg1-10deg2_1	1	1	ANK1	0.520408	0.000000	0.708753	0.002074	0.520408	0.000000	1.000000	0.000000	0.000000	0.000000	0
30deg0-5deg1-10deg2_7	10	10	ACTG2	0.520408	0.000000	1.183577	0.051038	0.520408	0.000000	1.000000	0.000000	0.000000	0.000000	0
30deg0-5deg1-10deg2_8	100	10	ACTG2	0.520408	0.000000	1.555546	0.042314	0.520408	0.000000	1.000000	0.000000	0.000000	0.000000	0
30deg0-5deg1-10deg2_9	1000	10	ACTG2	0.520408	0.000000	0.966230	0.057290	0.520408	0.000000	1.000000	0.000000	0.000000	0.000000	0
30deg0-5deg1-10deg2_10	10000	10	TNFSF10	0.520408	0.000000	4.900419	0.975362	0.520408	0.000000	1.000000	0.000000	0.000000	0.000000	0
30deg0-5deg1-10deg2_12	100	100	EWSR1	0.520408	0.000000	10.628486	0.383465	0.520408	0.000000	1.000000	0.000000	0.000000	0.000000	0
30deg0-5deg1-10deg2_13	1000	100	EWSR1	0.520408	0.000000	10.702162	0.335059	0.520408	0.000000	1.000000	0.000000	0.000000	0.000000	0
30deg0-5deg1-10deg2_14	10000	100	ACTG2	0.520408	0.000000	1.764534	0.053017	0.520408	0.000000	1.000000	0.000000	0.000000	0.000000	0
30deg0-5deg1-10deg2_15	100000	100	ACTG2	0.520408	0.000000	1.830731	0.070861	0.520408	0.000000	1.000000	0.000000	0.000000	0.000000	0
30deg0-5deg1-10deg2_16	1000	1000	EWSR1	0.520408	0.000000	10.728782	0.387092	0.520408	0.000000	1.000000	0.000000	0.000000	0.000000	0
30deg0-5deg1-10deg2_17	10000	1000	EWSR1	0.520408	0.000000	10.728782	0.387092	0.520408	0.000000	1.000000	0.000000	0.000000	0.000000	0
30deg0-5deg1-10deg2_18	100000	1000	EWSR1	0.520408	0.000000	10.803282	0.338154	0.520408	0.000000	1.000000	0.000000	0.000000	0.000000	0
30deg0-5deg1-10deg2_20	100000	10000	EWSR1	0.520408	0.000000	10.729790	0.387128	0.520408	0.000000	1.000000	0.000000	0.000000	0.000000	0
30deg0-5deg1-5deg2_2	10	1	ANK1	0.500000	0.010969	0.694329	0.001446	0.500000	0.010969	0.500000	0.500000	0.158181	0.166667	0
30deg0-5deg1-5deg2_7	10	10	ACTG2	0.520408	0.000000	1.183577	0.051038	0.520408	0.000000	1.000000	0.000000	0.000000	0.000000	0
30deg0-5deg1-5deg2_8	100	10	ACTG2	0.520408	0.000000	1.555546	0.042314	0.520408	0.000000	1.000000	0.000000	0.000000	0.000000	0
30deg0-5deg1-5deg2_9	1000	10	ACTG2	0.520408	0.000000	0.966230	0.057290	0.520408	0.000000	1.000000	0.000000	0.000000	0.000000	0
30deg0-5deg1-5deg2_12	100	100	CYP3A4	0.520408	0.000000	15.681824	0.239290	0.520408	0.000000	1.000000	0.000000	0.000000	0.000000	0
30deg0-5deg1-5deg2_13	1000	100	CYP3A4	0.520408	0.000000	15.681824	0.239290	0.520408	0.000000	1.000000	0.000000	0.000000	0.000000	0
30deg0-5deg1-5deg2_14	10000	100	CYP3A4	0.520408	0.000000	16.021202	0.077584	0.520408	0.000000	1.000000	0.000000	0.000000	0.000000	0
30deg0-5deg1-5deg2_15	100000	100	ACTG2	0.520408	0.000000	1.830731	0.070861	0.520408	0.000000	1.000000	0.000000	0.000000	0.000000	0
30deg0-5deg1-5deg2_17	10000	1000	CYP3A4	0.520408	0.000000	15.691096	0.237039	0.520408	0.000000	1.000000	0.000000	0.000000	0.000000	0
30deg0-5deg1-5deg2_18	100000	1000	CYP3A4	0.520408	0.000000	15.691096	0.237039	0.520408	0.000000	1.000000	0.000000	0.000000	0.000000	0
